id,category,name_zh,summary,shape_primary,difficulty,intensity,style_tags,best_crops,perspective_dependency,image
ST-001,ST,单腿承重S线,一腿承重，另一腿放松，胸胯轻微反向形成柔和S线,S_CURVE,easy,2,自然|优雅,full_body|three_quarter,low,assets/pose-images/ST-001.webp
ST-002,ST,脚踝交叉松弛站,双腿窄站并在脚踝处交叉，重心偏后侧腿,VERTICAL,easy,2,松弛|自然,full_body|three_quarter,low,assets/pose-images/ST-002.webp
ST-003,ST,宽距力量站,双脚明显打开，重心居中，骨盆稳定，轮廓有力量,OPEN,easy,2,力量感|时尚编辑,full_body|three_quarter,low,assets/pose-images/ST-003.webp
ST-004,ST,前后脚错位扭转,前后脚错位，骨盆与肩线轻微反向旋转,TWIST,medium,3,时尚编辑|清冷,full_body|three_quarter,low,assets/pose-images/ST-004.webp
ST-005,ST,古典Contrapposto,单腿承重、骨盆一高一低、肩线反向平衡,S_CURVE,easy,2,优雅|柔和,full_body|three_quarter,low,assets/pose-images/ST-005.webp
ST-006,ST,侧推胯单臂过头,骨盆侧推，单臂越头形成大弧线,C_CURVE,medium,3,时尚编辑|戏剧化,full_body|three_quarter,low,assets/pose-images/ST-006.webp
ST-007,ST,窄站垂直拉长,双脚窄站，身体纵向延展，减少横向动作,VERTICAL,easy,2,清冷|优雅,full_body|three_quarter,low,assets/pose-images/ST-007.webp
ST-008,ST,肩部引导对角线,肩线明显倾斜，身体由肩向对侧脚形成对角,DIAGONAL,medium,3,时尚编辑,full_body|three_quarter,low,assets/pose-images/ST-008.webp
ST-009,ST,站姿后弓开胸,骨盆稳定，胸腔上提并轻微后仰,ARCH,medium,3,戏剧化|优雅,full_body|three_quarter,low,assets/pose-images/ST-009.webp
ST-010,ST,侧弯上举延展,躯干向一侧弯曲，同侧或对侧手臂上举延展,C_CURVE,medium,3,优雅|戏剧化,full_body|three_quarter,low,assets/pose-images/ST-010.webp
ST-011,ST,前倾扶腿,髋部向后，躯干前倾，双手或前臂接近大腿,DIAGONAL,easy,2,时尚编辑|力量感,full_body|three_quarter,medium,assets/pose-images/ST-011.webp
ST-012,ST,单膝内扣时装站,一腿承重，另一膝轻内收制造不对称时装线条,ASYMMETRIC,easy,2,时尚编辑|清冷,full_body|three_quarter,low,assets/pose-images/ST-012.webp
ST-013,ST,脚尖前点,放松腿向前点地，延长腿线,VERTICAL,easy,2,优雅|柔和,full_body|three_quarter,low,assets/pose-images/ST-013.webp
ST-014,ST,脚尖侧点,放松腿向侧前方点地，骨盆轻微反向平衡,DIAGONAL,easy,2,优雅|自然,full_body|three_quarter,low,assets/pose-images/ST-014.webp
ST-015,ST,单侧提踵,一侧脚跟抬起，膝部略屈，形成轻盈不对称,ASYMMETRIC,easy,2,柔和|时尚编辑,full_body|three_quarter,low,assets/pose-images/ST-015.webp
ST-016,ST,高位交叉腿站,大腿线条明显交叉，重心稳定在后腿,S_CURVE,medium,3,优雅|时尚编辑,full_body|three_quarter,low,assets/pose-images/ST-016.webp
ST-017,ST,无墙假倚靠,躯干略向一侧倾，重心与骨盆反向补偿,DIAGONAL,medium,3,松弛|时尚编辑,full_body|three_quarter,low,assets/pose-images/ST-017.webp
ST-018,ST,胸胯螺旋,骨盆向一侧、胸腔向另一侧，形成明显螺旋,TWIST,medium,3,戏剧化|时尚编辑,full_body|three_quarter,low,assets/pose-images/ST-018.webp
ST-019,ST,仰头胸腔打开,胸腔上提、颈部延展、头部仰起,ARCH,medium,3,戏剧化|清冷,full_body|three_quarter,low,assets/pose-images/ST-019.webp
ST-020,ST,手后脑侧弧,一手放后脑，躯干向相反方向侧弯,C_CURVE,easy,2,优雅|时尚编辑,full_body|three_quarter,low,assets/pose-images/ST-020.webp
ST-021,ST,双臂过头椭圆,双臂过头形成框架，身体保持纵向拉长,VERTICAL,medium,3,优雅|戏剧化,full_body|three_quarter,low,assets/pose-images/ST-021.webp
ST-022,ST,横臂收拢站,一臂横过身体，肩线略收，形成克制闭合感,COMPACT,easy,2,清冷|柔和,full_body|three_quarter,low,assets/pose-images/ST-022.webp
ST-023,ST,向镜头单臂前伸,身体保持站立，单臂明显向镜头前伸,FORWARD,medium,3,戏剧化|活泼,full_body|three_quarter,high,assets/pose-images/ST-023.webp
ST-024,ST,侧向大延展,重心落一腿，另一侧手臂和腿形成横向延展,HORIZONTAL,medium,3,时尚编辑|力量感,full_body|three_quarter,low,assets/pose-images/ST-024.webp
ST-025,ST,背身回头站,身体背向或三分之二背向镜头，头部回看,TWIST,easy,2,清冷|优雅,full_body|three_quarter,low,assets/pose-images/ST-025.webp
ST-026,ST,三分之二背身推胯,背部三分之二朝镜头，骨盆向一侧推出,S_CURVE,medium,3,时尚编辑|优雅,full_body|three_quarter,low,assets/pose-images/ST-026.webp
ST-027,ST,双手扶腰角度站,双手扶腰，肘部打开，肩胯形成几何结构,TRIANGLE,easy,2,力量感|时尚编辑,full_body|three_quarter,low,assets/pose-images/ST-027.webp
ST-028,ST,抱臂收拢站,双臂在胸前或腰前形成收拢结构,COMPACT,easy,2,清冷|自然,full_body|three_quarter,low,assets/pose-images/ST-028.webp
ST-029,ST,落肩不对称站,一侧肩主动下沉，另一侧略抬高,ASYMMETRIC,easy,2,时尚编辑|松弛,full_body|three_quarter,low,assets/pose-images/ST-029.webp
ST-030,ST,低位髋折前倾,髋部明显后移，脊柱保持延展，身体向前折,DIAGONAL,medium,3,时尚编辑|力量感,full_body|three_quarter,medium,assets/pose-images/ST-030.webp
ST-031,ST,侧步定格,一脚向侧方迈出并在落地前后定格,DIAGONAL,medium,3,活泼|时尚编辑,full_body|three_quarter,medium,assets/pose-images/ST-031.webp
ST-032,ST,窄距跟尖错位,双脚很近，以一脚脚跟和另一脚脚尖制造错位,ASYMMETRIC,easy,2,优雅|清冷,full_body|three_quarter,low,assets/pose-images/ST-032.webp
ST-033,ST,秀场停步,前脚刚落、后脚跟抬起，像走秀中途瞬间停住,DIAGONAL,medium,3,时尚编辑|力量感,full_body|three_quarter,medium,assets/pose-images/ST-033.webp
ST-034,ST,单腿后屈,一腿承重，另一小腿向后抬起形成轻快轮廓,ASYMMETRIC,medium,3,活泼|柔和,full_body|three_quarter,low,assets/pose-images/ST-034.webp
ST-035,ST,胸胯反向侧移,胸腔与骨盆分别向左右侧移，形成图形化S线,S_CURVE,medium,3,时尚编辑|戏剧化,full_body|three_quarter,low,assets/pose-images/ST-035.webp
ST-036,ST,单腿后点支撑·胸胯反向S线,一腿主承重，另一脚向后轻点，拉长后侧腿线；骨盆与胸腔轻度反向侧移，形成连续S形。,S_CURVE,easy,2,优雅|柔和,full_body|three_quarter,low,assets/pose-images/ST-036.webp
ST-037,ST,单腿后点支撑·肩线下压对角,一腿主承重，另一脚向后轻点，拉长后侧腿线；一侧肩线下降，身体主轴向对侧脚形成对角线。,DIAGONAL,medium,3,时尚编辑|力量感,full_body|three_quarter,medium,assets/pose-images/ST-037.webp
ST-038,ST,单腿后点支撑·侧弯连续弧,一腿主承重，另一脚向后轻点，拉长后侧腿线；躯干向一侧形成连续弧线并保持颈部延长。,C_CURVE,medium,3,优雅|戏剧化,full_body|three_quarter,low,assets/pose-images/ST-038.webp
ST-039,ST,单腿后点支撑·胸腔上提后弓,一腿主承重，另一脚向后轻点，拉长后侧腿线；胸腔上提并可控后伸，打开身体前侧。,ARCH,medium,4,戏剧化|优雅,full_body|three_quarter,low,assets/pose-images/ST-039.webp
ST-040,ST,单腿后点支撑·髋折前倾,一腿主承重，另一脚向后轻点，拉长后侧腿线；从髋部折叠前倾，保持背部延展形成前向对角。,DIAGONAL,medium,3,时尚编辑|力量感,full_body|three_quarter,medium,assets/pose-images/ST-040.webp
ST-041,ST,单腿后点支撑·胸胯螺旋扭转,一腿主承重，另一脚向后轻点，拉长后侧腿线；胸腔与骨盆反向旋转形成清晰螺旋。,TWIST,medium,4,时尚编辑|清冷,full_body|three_quarter,low,assets/pose-images/ST-041.webp
ST-042,ST,单腿后点支撑·纵向拔高非对称,一腿主承重，另一脚向后轻点，拉长后侧腿线；身体向上拔高，同时左右侧保持不同高度与长度。,ASYMMETRIC,medium,3,时尚编辑|清冷,full_body|three_quarter,low,assets/pose-images/ST-042.webp
ST-043,ST,单腿侧点支撑·胸胯反向S线,一腿承重，另一腿向侧方点地形成横向延展；骨盆与胸腔轻度反向侧移，形成连续S形。,S_CURVE,easy,2,优雅|柔和,full_body|three_quarter,low,assets/pose-images/ST-043.webp
ST-044,ST,单腿侧点支撑·肩线下压对角,一腿承重，另一腿向侧方点地形成横向延展；一侧肩线下降，身体主轴向对侧脚形成对角线。,DIAGONAL,medium,3,时尚编辑|力量感,full_body|three_quarter,medium,assets/pose-images/ST-044.webp
ST-045,ST,单腿侧点支撑·侧弯连续弧,一腿承重，另一腿向侧方点地形成横向延展；躯干向一侧形成连续弧线并保持颈部延长。,C_CURVE,medium,3,优雅|戏剧化,full_body|three_quarter,low,assets/pose-images/ST-045.webp
ST-046,ST,单腿侧点支撑·胸腔上提后弓,一腿承重，另一腿向侧方点地形成横向延展；胸腔上提并可控后伸，打开身体前侧。,ARCH,medium,4,戏剧化|优雅,full_body|three_quarter,low,assets/pose-images/ST-046.webp
ST-047,ST,单腿侧点支撑·髋折前倾,一腿承重，另一腿向侧方点地形成横向延展；从髋部折叠前倾，保持背部延展形成前向对角。,DIAGONAL,medium,3,时尚编辑|力量感,full_body|three_quarter,medium,assets/pose-images/ST-047.webp
ST-048,ST,单腿侧点支撑·胸胯螺旋扭转,一腿承重，另一腿向侧方点地形成横向延展；胸腔与骨盆反向旋转形成清晰螺旋。,TWIST,medium,4,时尚编辑|清冷,full_body|three_quarter,low,assets/pose-images/ST-048.webp
ST-049,ST,单腿侧点支撑·纵向拔高非对称,一腿承重，另一腿向侧方点地形成横向延展；身体向上拔高，同时左右侧保持不同高度与长度。,ASYMMETRIC,medium,3,时尚编辑|清冷,full_body|three_quarter,low,assets/pose-images/ST-049.webp
ST-050,ST,前后宽错步·胸胯反向S线,双脚前后明显错开，建立纵深和稳定基底；骨盆与胸腔轻度反向侧移，形成连续S形。,S_CURVE,medium,3,优雅|柔和,full_body|three_quarter,low,assets/pose-images/ST-050.webp
ST-051,ST,前后宽错步·肩线下压对角,双脚前后明显错开，建立纵深和稳定基底；一侧肩线下降，身体主轴向对侧脚形成对角线。,DIAGONAL,medium,3,时尚编辑|力量感,full_body|three_quarter,medium,assets/pose-images/ST-051.webp
ST-052,ST,前后宽错步·侧弯连续弧,双脚前后明显错开，建立纵深和稳定基底；躯干向一侧形成连续弧线并保持颈部延长。,C_CURVE,medium,3,优雅|戏剧化,full_body|three_quarter,low,assets/pose-images/ST-052.webp
ST-053,ST,前后宽错步·胸腔上提后弓,双脚前后明显错开，建立纵深和稳定基底；胸腔上提并可控后伸，打开身体前侧。,ARCH,medium,4,戏剧化|优雅,full_body|three_quarter,low,assets/pose-images/ST-053.webp
ST-054,ST,前后宽错步·髋折前倾,双脚前后明显错开，建立纵深和稳定基底；从髋部折叠前倾，保持背部延展形成前向对角。,DIAGONAL,medium,3,时尚编辑|力量感,full_body|three_quarter,medium,assets/pose-images/ST-054.webp
ST-055,ST,前后宽错步·胸胯螺旋扭转,双脚前后明显错开，建立纵深和稳定基底；胸腔与骨盆反向旋转形成清晰螺旋。,TWIST,medium,4,时尚编辑|清冷,full_body|three_quarter,low,assets/pose-images/ST-055.webp
ST-056,ST,前后宽错步·纵向拔高非对称,双脚前后明显错开，建立纵深和稳定基底；身体向上拔高，同时左右侧保持不同高度与长度。,ASYMMETRIC,medium,3,时尚编辑|清冷,full_body|three_quarter,low,assets/pose-images/ST-056.webp
ST-057,ST,窄距前后错步·胸胯反向S线,双脚前后窄距错位，形成细长纵向站姿；骨盆与胸腔轻度反向侧移，形成连续S形。,S_CURVE,easy,2,优雅|柔和,full_body|three_quarter,low,assets/pose-images/ST-057.webp
ST-058,ST,窄距前后错步·肩线下压对角,双脚前后窄距错位，形成细长纵向站姿；一侧肩线下降，身体主轴向对侧脚形成对角线。,DIAGONAL,medium,3,时尚编辑|力量感,full_body|three_quarter,medium,assets/pose-images/ST-058.webp
ST-059,ST,窄距前后错步·侧弯连续弧,双脚前后窄距错位，形成细长纵向站姿；躯干向一侧形成连续弧线并保持颈部延长。,C_CURVE,medium,3,优雅|戏剧化,full_body|three_quarter,low,assets/pose-images/ST-059.webp
ST-060,ST,窄距前后错步·胸腔上提后弓,双脚前后窄距错位，形成细长纵向站姿；胸腔上提并可控后伸，打开身体前侧。,ARCH,medium,4,戏剧化|优雅,full_body|three_quarter,low,assets/pose-images/ST-060.webp
ST-061,ST,窄距前后错步·髋折前倾,双脚前后窄距错位，形成细长纵向站姿；从髋部折叠前倾，保持背部延展形成前向对角。,DIAGONAL,medium,3,时尚编辑|力量感,full_body|three_quarter,medium,assets/pose-images/ST-061.webp
ST-062,ST,窄距前后错步·胸胯螺旋扭转,双脚前后窄距错位，形成细长纵向站姿；胸腔与骨盆反向旋转形成清晰螺旋。,TWIST,medium,4,时尚编辑|清冷,full_body|three_quarter,low,assets/pose-images/ST-062.webp
ST-063,ST,窄距前后错步·纵向拔高非对称,双脚前后窄距错位，形成细长纵向站姿；身体向上拔高，同时左右侧保持不同高度与长度。,ASYMMETRIC,medium,3,时尚编辑|清冷,full_body|three_quarter,low,assets/pose-images/ST-063.webp
ST-064,ST,外开宽站·胸胯反向S线,双脚外开并拉开距离，建立稳定开放下盘；骨盆与胸腔轻度反向侧移，形成连续S形。,S_CURVE,medium,3,力量感|优雅|柔和,full_body|three_quarter,low,assets/pose-images/ST-064.webp
ST-065,ST,外开宽站·肩线下压对角,双脚外开并拉开距离，建立稳定开放下盘；一侧肩线下降，身体主轴向对侧脚形成对角线。,DIAGONAL,medium,3,力量感|时尚编辑,full_body|three_quarter,medium,assets/pose-images/ST-065.webp
ST-066,ST,外开宽站·侧弯连续弧,双脚外开并拉开距离，建立稳定开放下盘；躯干向一侧形成连续弧线并保持颈部延长。,C_CURVE,medium,3,力量感|优雅|戏剧化,full_body|three_quarter,low,assets/pose-images/ST-066.webp
ST-067,ST,外开宽站·胸腔上提后弓,双脚外开并拉开距离，建立稳定开放下盘；胸腔上提并可控后伸，打开身体前侧。,ARCH,medium,4,力量感|戏剧化|优雅,full_body|three_quarter,low,assets/pose-images/ST-067.webp
ST-068,ST,外开宽站·髋折前倾,双脚外开并拉开距离，建立稳定开放下盘；从髋部折叠前倾，保持背部延展形成前向对角。,DIAGONAL,medium,3,力量感|时尚编辑,full_body|three_quarter,medium,assets/pose-images/ST-068.webp
ST-069,ST,外开宽站·胸胯螺旋扭转,双脚外开并拉开距离，建立稳定开放下盘；胸腔与骨盆反向旋转形成清晰螺旋。,TWIST,medium,4,力量感|时尚编辑|清冷,full_body|three_quarter,low,assets/pose-images/ST-069.webp
ST-070,ST,外开宽站·纵向拔高非对称,双脚外开并拉开距离，建立稳定开放下盘；身体向上拔高，同时左右侧保持不同高度与长度。,ASYMMETRIC,medium,3,力量感|时尚编辑|清冷,full_body|three_quarter,low,assets/pose-images/ST-070.webp
ST-071,ST,内收窄站·胸胯反向S线,双腿靠近并轻微内收，轮廓更紧凑；骨盆与胸腔轻度反向侧移，形成连续S形。,S_CURVE,easy,2,清冷|优雅|柔和,full_body|three_quarter,low,assets/pose-images/ST-071.webp
ST-072,ST,内收窄站·肩线下压对角,双腿靠近并轻微内收，轮廓更紧凑；一侧肩线下降，身体主轴向对侧脚形成对角线。,DIAGONAL,medium,3,清冷|时尚编辑|力量感,full_body|three_quarter,medium,assets/pose-images/ST-072.webp
ST-073,ST,内收窄站·侧弯连续弧,双腿靠近并轻微内收，轮廓更紧凑；躯干向一侧形成连续弧线并保持颈部延长。,C_CURVE,medium,3,清冷|优雅|戏剧化,full_body|three_quarter,low,assets/pose-images/ST-073.webp
ST-074,ST,内收窄站·胸腔上提后弓,双腿靠近并轻微内收，轮廓更紧凑；胸腔上提并可控后伸，打开身体前侧。,ARCH,medium,4,清冷|戏剧化|优雅,full_body|three_quarter,low,assets/pose-images/ST-074.webp
ST-075,ST,内收窄站·髋折前倾,双腿靠近并轻微内收，轮廓更紧凑；从髋部折叠前倾，保持背部延展形成前向对角。,DIAGONAL,medium,3,清冷|时尚编辑|力量感,full_body|three_quarter,medium,assets/pose-images/ST-075.webp
ST-076,ST,内收窄站·胸胯螺旋扭转,双腿靠近并轻微内收，轮廓更紧凑；胸腔与骨盆反向旋转形成清晰螺旋。,TWIST,medium,4,清冷|时尚编辑,full_body|three_quarter,low,assets/pose-images/ST-076.webp
ST-077,ST,内收窄站·纵向拔高非对称,双腿靠近并轻微内收，轮廓更紧凑；身体向上拔高，同时左右侧保持不同高度与长度。,ASYMMETRIC,medium,3,清冷|时尚编辑,full_body|three_quarter,low,assets/pose-images/ST-077.webp
ST-078,ST,脚尖外展错位·胸胯反向S线,双脚错位且脚尖轻外展，形成时装感足部结构；骨盆与胸腔轻度反向侧移，形成连续S形。,S_CURVE,easy,2,优雅|柔和,full_body|three_quarter,low,assets/pose-images/ST-078.webp
ST-079,ST,脚尖外展错位·肩线下压对角,双脚错位且脚尖轻外展，形成时装感足部结构；一侧肩线下降，身体主轴向对侧脚形成对角线。,DIAGONAL,medium,3,时尚编辑|力量感,full_body|three_quarter,medium,assets/pose-images/ST-079.webp
ST-080,ST,脚尖外展错位·侧弯连续弧,双脚错位且脚尖轻外展，形成时装感足部结构；躯干向一侧形成连续弧线并保持颈部延长。,C_CURVE,medium,3,优雅|戏剧化,full_body|three_quarter,low,assets/pose-images/ST-080.webp
ST-081,ST,脚尖外展错位·胸腔上提后弓,双脚错位且脚尖轻外展，形成时装感足部结构；胸腔上提并可控后伸，打开身体前侧。,ARCH,medium,4,戏剧化|优雅,full_body|three_quarter,low,assets/pose-images/ST-081.webp
ST-082,ST,脚尖外展错位·髋折前倾,双脚错位且脚尖轻外展，形成时装感足部结构；从髋部折叠前倾，保持背部延展形成前向对角。,DIAGONAL,medium,3,时尚编辑|力量感,full_body|three_quarter,medium,assets/pose-images/ST-082.webp
ST-083,ST,脚尖外展错位·胸胯螺旋扭转,双脚错位且脚尖轻外展，形成时装感足部结构；胸腔与骨盆反向旋转形成清晰螺旋。,TWIST,medium,4,时尚编辑|清冷,full_body|three_quarter,low,assets/pose-images/ST-083.webp
ST-084,ST,脚尖外展错位·纵向拔高非对称,双脚错位且脚尖轻外展，形成时装感足部结构；身体向上拔高，同时左右侧保持不同高度与长度。,ASYMMETRIC,medium,3,时尚编辑|清冷,full_body|three_quarter,low,assets/pose-images/ST-084.webp
ST-085,ST,双膝微屈站·胸胯反向S线,双膝轻屈降低重心，站姿更有弹性；骨盆与胸腔轻度反向侧移，形成连续S形。,S_CURVE,medium,3,松弛|优雅|柔和,full_body|three_quarter,low,assets/pose-images/ST-085.webp
ST-086,ST,双膝微屈站·肩线下压对角,双膝轻屈降低重心，站姿更有弹性；一侧肩线下降，身体主轴向对侧脚形成对角线。,DIAGONAL,medium,3,松弛|时尚编辑|力量感,full_body|three_quarter,medium,assets/pose-images/ST-086.webp
ST-087,ST,双膝微屈站·侧弯连续弧,双膝轻屈降低重心，站姿更有弹性；躯干向一侧形成连续弧线并保持颈部延长。,C_CURVE,medium,3,松弛|优雅|戏剧化,full_body|three_quarter,low,assets/pose-images/ST-087.webp
ST-088,ST,双膝微屈站·胸腔上提后弓,双膝轻屈降低重心，站姿更有弹性；胸腔上提并可控后伸，打开身体前侧。,ARCH,medium,4,松弛|戏剧化|优雅,full_body|three_quarter,low,assets/pose-images/ST-088.webp
ST-089,ST,双膝微屈站·髋折前倾,双膝轻屈降低重心，站姿更有弹性；从髋部折叠前倾，保持背部延展形成前向对角。,DIAGONAL,medium,3,松弛|时尚编辑|力量感,full_body|three_quarter,medium,assets/pose-images/ST-089.webp
ST-090,ST,双膝微屈站·胸胯螺旋扭转,双膝轻屈降低重心，站姿更有弹性；胸腔与骨盆反向旋转形成清晰螺旋。,TWIST,medium,4,松弛|时尚编辑|清冷,full_body|three_quarter,low,assets/pose-images/ST-090.webp
ST-091,ST,双膝微屈站·纵向拔高非对称,双膝轻屈降低重心，站姿更有弹性；身体向上拔高，同时左右侧保持不同高度与长度。,ASYMMETRIC,medium,3,松弛|时尚编辑|清冷,full_body|three_quarter,low,assets/pose-images/ST-091.webp
ST-092,ST,单腿轻抬平衡·胸胯反向S线,一腿承重，另一腿离地小幅抬起形成平衡关系；骨盆与胸腔轻度反向侧移，形成连续S形。,S_CURVE,hard,4,时尚编辑|优雅|柔和,full_body|three_quarter,low,assets/pose-images/ST-092.webp
ST-093,ST,单腿轻抬平衡·肩线下压对角,一腿承重，另一腿离地小幅抬起形成平衡关系；一侧肩线下降，身体主轴向对侧脚形成对角线。,DIAGONAL,hard,4,时尚编辑|力量感,full_body|three_quarter,medium,assets/pose-images/ST-093.webp
ST-094,ST,单腿轻抬平衡·侧弯连续弧,一腿承重，另一腿离地小幅抬起形成平衡关系；躯干向一侧形成连续弧线并保持颈部延长。,C_CURVE,hard,4,时尚编辑|优雅|戏剧化,full_body|three_quarter,low,assets/pose-images/ST-094.webp
ST-095,ST,单腿轻抬平衡·胸腔上提后弓,一腿承重，另一腿离地小幅抬起形成平衡关系；胸腔上提并可控后伸，打开身体前侧。,ARCH,hard,4,时尚编辑|戏剧化|优雅,full_body|three_quarter,low,assets/pose-images/ST-095.webp
ST-096,ST,单腿轻抬平衡·髋折前倾,一腿承重，另一腿离地小幅抬起形成平衡关系；从髋部折叠前倾，保持背部延展形成前向对角。,DIAGONAL,hard,4,时尚编辑|力量感,full_body|three_quarter,medium,assets/pose-images/ST-096.webp
ST-097,ST,单腿轻抬平衡·胸胯螺旋扭转,一腿承重，另一腿离地小幅抬起形成平衡关系；胸腔与骨盆反向旋转形成清晰螺旋。,TWIST,hard,4,时尚编辑|清冷,full_body|three_quarter,low,assets/pose-images/ST-097.webp
ST-098,ST,单腿轻抬平衡·纵向拔高非对称,一腿承重，另一腿离地小幅抬起形成平衡关系；身体向上拔高，同时左右侧保持不同高度与长度。,ASYMMETRIC,hard,4,时尚编辑|清冷,full_body|three_quarter,low,assets/pose-images/ST-098.webp
ST-099,ST,后腿跨中线点地·胸胯反向S线,后侧放松腿跨过身体中线点地，制造明显交叉线；骨盆与胸腔轻度反向侧移，形成连续S形。,S_CURVE,medium,3,优雅|柔和,full_body|three_quarter,low,assets/pose-images/ST-099.webp
ST-100,ST,后腿跨中线点地·肩线下压对角,后侧放松腿跨过身体中线点地，制造明显交叉线；一侧肩线下降，身体主轴向对侧脚形成对角线。,DIAGONAL,medium,3,时尚编辑|力量感,full_body|three_quarter,medium,assets/pose-images/ST-100.webp
ST-101,ST,后腿跨中线点地·侧弯连续弧,后侧放松腿跨过身体中线点地，制造明显交叉线；躯干向一侧形成连续弧线并保持颈部延长。,C_CURVE,medium,3,优雅|戏剧化,full_body|three_quarter,low,assets/pose-images/ST-101.webp
ST-102,ST,后腿跨中线点地·胸腔上提后弓,后侧放松腿跨过身体中线点地，制造明显交叉线；胸腔上提并可控后伸，打开身体前侧。,ARCH,medium,4,戏剧化|优雅,full_body|three_quarter,low,assets/pose-images/ST-102.webp
ST-103,ST,后腿跨中线点地·髋折前倾,后侧放松腿跨过身体中线点地，制造明显交叉线；从髋部折叠前倾，保持背部延展形成前向对角。,DIAGONAL,medium,3,时尚编辑|力量感,full_body|three_quarter,medium,assets/pose-images/ST-103.webp
ST-104,ST,后腿跨中线点地·胸胯螺旋扭转,后侧放松腿跨过身体中线点地，制造明显交叉线；胸腔与骨盆反向旋转形成清晰螺旋。,TWIST,medium,4,时尚编辑|清冷,full_body|three_quarter,low,assets/pose-images/ST-104.webp
ST-105,ST,后腿跨中线点地·纵向拔高非对称,后侧放松腿跨过身体中线点地，制造明显交叉线；身体向上拔高，同时左右侧保持不同高度与长度。,ASYMMETRIC,medium,3,时尚编辑|清冷,full_body|three_quarter,low,assets/pose-images/ST-105.webp
ST-106,ST,侧向弓步高位·胸胯反向S线,一侧膝轻屈、另一腿延长，保持高位弓步而不下沉；骨盆与胸腔轻度反向侧移，形成连续S形。,S_CURVE,medium,3,力量感|优雅|柔和,full_body|three_quarter,low,assets/pose-images/ST-106.webp
ST-107,ST,侧向弓步高位·肩线下压对角,一侧膝轻屈、另一腿延长，保持高位弓步而不下沉；一侧肩线下降，身体主轴向对侧脚形成对角线。,DIAGONAL,medium,3,力量感|时尚编辑,full_body|three_quarter,medium,assets/pose-images/ST-107.webp
ST-108,ST,侧向弓步高位·侧弯连续弧,一侧膝轻屈、另一腿延长，保持高位弓步而不下沉；躯干向一侧形成连续弧线并保持颈部延长。,C_CURVE,medium,3,力量感|优雅|戏剧化,full_body|three_quarter,low,assets/pose-images/ST-108.webp
ST-109,ST,侧向弓步高位·胸腔上提后弓,一侧膝轻屈、另一腿延长，保持高位弓步而不下沉；胸腔上提并可控后伸，打开身体前侧。,ARCH,medium,4,力量感|戏剧化|优雅,full_body|three_quarter,low,assets/pose-images/ST-109.webp
ST-110,ST,侧向弓步高位·髋折前倾,一侧膝轻屈、另一腿延长，保持高位弓步而不下沉；从髋部折叠前倾，保持背部延展形成前向对角。,DIAGONAL,medium,3,力量感|时尚编辑,full_body|three_quarter,medium,assets/pose-images/ST-110.webp
ST-111,ST,侧向弓步高位·胸胯螺旋扭转,一侧膝轻屈、另一腿延长，保持高位弓步而不下沉；胸腔与骨盆反向旋转形成清晰螺旋。,TWIST,medium,4,力量感|时尚编辑|清冷,full_body|three_quarter,low,assets/pose-images/ST-111.webp
ST-112,ST,侧向弓步高位·纵向拔高非对称,一侧膝轻屈、另一腿延长，保持高位弓步而不下沉；身体向上拔高，同时左右侧保持不同高度与长度。,ASYMMETRIC,medium,3,力量感|时尚编辑|清冷,full_body|three_quarter,low,assets/pose-images/ST-112.webp
SI-001,SI,椅边前坐,坐在椅面前缘，双脚着地，躯干自然直立,VERTICAL,easy,2,自然|优雅,full_body|three_quarter|half_body,low,assets/pose-images/SI-001.webp
SI-002,SI,侧坐并腿,身体斜坐，双腿并拢朝同一侧延伸,DIAGONAL,easy,2,优雅|柔和,full_body|three_quarter|half_body,low,assets/pose-images/SI-002.webp
SI-003,SI,高位翘腿,坐姿双腿高位交叉，骨盆稳定，腿线成为视觉重点,DIAGONAL,medium,3,优雅|时尚编辑,full_body|three_quarter|half_body,low,assets/pose-images/SI-003.webp
SI-004,SI,一膝抬高坐,一脚踩近椅面或台阶形成单膝抬高结构,TRIANGLE,medium,3,时尚编辑|松弛,full_body|three_quarter|half_body,low,assets/pose-images/SI-004.webp
SI-005,SI,双膝错位坐,两膝一前一后，脚部错位，避免正面对称,ASYMMETRIC,easy,2,自然|时尚编辑,full_body|three_quarter|half_body,low,assets/pose-images/SI-005.webp
SI-006,SI,前倾肘撑膝,上身明显前倾，前臂或肘部支撑膝部,TRIANGLE,easy,2,清冷|力量感,full_body|three_quarter|half_body,medium,assets/pose-images/SI-006.webp
SI-007,SI,椅背反坐,跨坐或反向使用椅子，前臂落在椅背,TRIANGLE,medium,3,时尚编辑|力量感,full_body|three_quarter|half_body,low,assets/pose-images/SI-007.webp
SI-008,SI,椅面后仰,双手或单手向后支撑，胸腔打开,ARCH,easy,3,松弛|优雅,full_body|three_quarter|half_body,low,assets/pose-images/SI-008.webp
SI-009,SI,坐姿躯干扭转,骨盆留在椅面，胸腔转向侧后方,TWIST,medium,3,时尚编辑|优雅,full_body|three_quarter|half_body,low,assets/pose-images/SI-009.webp
SI-010,SI,侧身轮廓坐,身体近侧面对镜头，强调头肩髋的侧面关系,C_CURVE,easy,2,清冷|优雅,full_body|three_quarter|half_body,low,assets/pose-images/SI-010.webp
SI-011,SI,一腿前伸坐,一腿向前明显延长，另一腿保持屈曲,DIAGONAL,easy,2,时尚编辑|优雅,full_body|three_quarter|half_body,low,assets/pose-images/SI-011.webp
SI-012,SI,踝部内收坐,双脚靠近，脚踝内收，膝部略错位,COMPACT,easy,2,柔和|自然,full_body|three_quarter|half_body,low,assets/pose-images/SI-012.webp
SI-013,SI,膝部打开坐,双膝适度打开，重心稳，形成更有力量的坐姿,OPEN,easy,2,力量感|时尚编辑,full_body|three_quarter|half_body,low,assets/pose-images/SI-013.webp
SI-014,SI,高凳悬脚坐,坐高凳边缘，双腿自然下垂或一前一后,VERTICAL,easy,2,松弛|自然,full_body|three_quarter|half_body,low,assets/pose-images/SI-014.webp
SI-015,SI,扶椅侧倾坐,一手支撑椅面，躯干向支撑侧轻倾,DIAGONAL,easy,2,优雅|时尚编辑,full_body|three_quarter|half_body,low,assets/pose-images/SI-015.webp
SI-016,SI,双腿同侧折叠坐,两腿在同一侧形成折叠曲线,C_CURVE,medium,3,柔和|优雅,full_body|three_quarter|half_body,low,assets/pose-images/SI-016.webp
SI-017,SI,椅上收拢坐,双膝靠近胸腹，身体形成收拢轮廓,COMPACT,medium,3,柔和|清冷,full_body|three_quarter|half_body,low,assets/pose-images/SI-017.webp
SI-018,SI,椅上长线后靠,上身后靠、腿向前延展，形成长对角线,DIAGONAL,easy,2,时尚编辑|松弛,full_body|three_quarter|half_body,medium,assets/pose-images/SI-018.webp
SI-019,SI,坐姿肩胯错位,骨盆朝前，肩线向侧方转并倾斜,TWIST,medium,3,时尚编辑|清冷,full_body|three_quarter|half_body,low,assets/pose-images/SI-019.webp
SI-020,SI,坐姿单臂过头,稳定坐姿基础上单臂越头形成上半身弧线,C_CURVE,medium,3,优雅|戏剧化,full_body|three_quarter|half_body,low,assets/pose-images/SI-020.webp
SI-021,SI,椅边窄坐·直立纵向,坐在椅面前缘，双膝与双脚保持窄距；骨盆稳定，上身向上拔高，保持颈肩放松。,VERTICAL,easy,1,清冷|优雅,full_body|three_quarter,low,assets/pose-images/SI-021.webp
SI-022,SI,椅边窄坐·前倾对角,坐在椅面前缘，双膝与双脚保持窄距；从髋部向前倾，胸口向前延展形成对角线。,DIAGONAL,easy,2,时尚编辑|力量感,full_body|three_quarter,medium,assets/pose-images/SI-022.webp
SI-023,SI,椅边窄坐·后仰开胸,坐在椅面前缘，双膝与双脚保持窄距；上身后移并打开胸腔，形成舒展弧线。,ARCH,medium,3,戏剧化|优雅,full_body|three_quarter,low,assets/pose-images/SI-023.webp
SI-024,SI,椅边窄坐·胸胯扭转,坐在椅面前缘，双膝与双脚保持窄距；骨盆保持座位方向，胸腔向侧面旋转。,TWIST,medium,3,时尚编辑|清冷,full_body|three_quarter,low,assets/pose-images/SI-024.webp
SI-025,SI,椅边宽坐·直立纵向,坐在椅面前缘，双膝适度打开形成稳定基底；骨盆稳定，上身向上拔高，保持颈肩放松。,VERTICAL,easy,2,清冷|优雅,full_body|three_quarter,low,assets/pose-images/SI-025.webp
SI-026,SI,椅边宽坐·前倾对角,坐在椅面前缘，双膝适度打开形成稳定基底；从髋部向前倾，胸口向前延展形成对角线。,DIAGONAL,easy,2,时尚编辑|力量感,full_body|three_quarter,medium,assets/pose-images/SI-026.webp
SI-027,SI,椅边宽坐·后仰开胸,坐在椅面前缘，双膝适度打开形成稳定基底；上身后移并打开胸腔，形成舒展弧线。,ARCH,medium,3,戏剧化|优雅,full_body|three_quarter,low,assets/pose-images/SI-027.webp
SI-028,SI,椅边宽坐·胸胯扭转,坐在椅面前缘，双膝适度打开形成稳定基底；骨盆保持座位方向，胸腔向侧面旋转。,TWIST,medium,3,时尚编辑|清冷,full_body|three_quarter,low,assets/pose-images/SI-028.webp
SI-029,SI,侧坐双腿同向·直立纵向,骨盆偏坐，双腿折向同一侧；骨盆稳定，上身向上拔高，保持颈肩放松。,VERTICAL,easy,2,清冷|优雅,full_body|three_quarter,low,assets/pose-images/SI-029.webp
SI-030,SI,侧坐双腿同向·前倾对角,骨盆偏坐，双腿折向同一侧；从髋部向前倾，胸口向前延展形成对角线。,DIAGONAL,easy,2,时尚编辑|力量感,full_body|three_quarter,medium,assets/pose-images/SI-030.webp
SI-031,SI,侧坐双腿同向·后仰开胸,骨盆偏坐，双腿折向同一侧；上身后移并打开胸腔，形成舒展弧线。,ARCH,medium,3,戏剧化|优雅,full_body|three_quarter,low,assets/pose-images/SI-031.webp
SI-032,SI,侧坐双腿同向·胸胯扭转,骨盆偏坐，双腿折向同一侧；骨盆保持座位方向，胸腔向侧面旋转。,TWIST,medium,3,时尚编辑|清冷,full_body|three_quarter,low,assets/pose-images/SI-032.webp
SI-033,SI,高凳单腿落地·直立纵向,高凳坐姿，一脚落地，另一腿保持较高位置；骨盆稳定，上身向上拔高，保持颈肩放松。,VERTICAL,easy,2,清冷|优雅,full_body|three_quarter,low,assets/pose-images/SI-033.webp
SI-034,SI,高凳单腿落地·前倾对角,高凳坐姿，一脚落地，另一腿保持较高位置；从髋部向前倾，胸口向前延展形成对角线。,DIAGONAL,easy,2,时尚编辑|力量感,full_body|three_quarter,medium,assets/pose-images/SI-034.webp
SI-035,SI,高凳单腿落地·后仰开胸,高凳坐姿，一脚落地，另一腿保持较高位置；上身后移并打开胸腔，形成舒展弧线。,ARCH,medium,3,戏剧化|优雅,full_body|three_quarter,low,assets/pose-images/SI-035.webp
SI-036,SI,高凳单腿落地·胸胯扭转,高凳坐姿，一脚落地，另一腿保持较高位置；骨盆保持座位方向，胸腔向侧面旋转。,TWIST,medium,3,时尚编辑|清冷,full_body|three_quarter,low,assets/pose-images/SI-036.webp
SI-037,SI,高凳双腿悬空·直立纵向,高凳坐姿，双脚离地或轻触脚踏，强调腿部垂线；骨盆稳定，上身向上拔高，保持颈肩放松。,VERTICAL,easy,2,清冷|优雅,full_body|three_quarter,low,assets/pose-images/SI-037.webp
SI-038,SI,高凳双腿悬空·前倾对角,高凳坐姿，双脚离地或轻触脚踏，强调腿部垂线；从髋部向前倾，胸口向前延展形成对角线。,DIAGONAL,easy,2,时尚编辑|力量感,full_body|three_quarter,medium,assets/pose-images/SI-038.webp
SI-039,SI,高凳双腿悬空·后仰开胸,高凳坐姿，双脚离地或轻触脚踏，强调腿部垂线；上身后移并打开胸腔，形成舒展弧线。,ARCH,medium,3,戏剧化|优雅,full_body|three_quarter,low,assets/pose-images/SI-039.webp
SI-040,SI,高凳双腿悬空·胸胯扭转,高凳坐姿，双脚离地或轻触脚踏，强调腿部垂线；骨盆保持座位方向，胸腔向侧面旋转。,TWIST,medium,3,时尚编辑|清冷,full_body|three_quarter,low,assets/pose-images/SI-040.webp
SI-041,SI,椅上单膝抬高·直立纵向,坐姿中一侧膝盖抬高，另一腿落地；骨盆稳定，上身向上拔高，保持颈肩放松。,VERTICAL,medium,3,清冷|优雅,full_body|three_quarter,low,assets/pose-images/SI-041.webp
SI-042,SI,椅上单膝抬高·前倾对角,坐姿中一侧膝盖抬高，另一腿落地；从髋部向前倾，胸口向前延展形成对角线。,DIAGONAL,medium,3,时尚编辑|力量感,full_body|three_quarter,medium,assets/pose-images/SI-042.webp
SI-043,SI,椅上单膝抬高·后仰开胸,坐姿中一侧膝盖抬高，另一腿落地；上身后移并打开胸腔，形成舒展弧线。,ARCH,medium,3,戏剧化|优雅,full_body|three_quarter,low,assets/pose-images/SI-043.webp
SI-044,SI,椅上单膝抬高·胸胯扭转,坐姿中一侧膝盖抬高，另一腿落地；骨盆保持座位方向，胸腔向侧面旋转。,TWIST,medium,3,时尚编辑|清冷,full_body|three_quarter,low,assets/pose-images/SI-044.webp
SI-045,SI,反坐跨椅·直立纵向,身体面向椅背反坐，双腿分置椅面两侧；骨盆稳定，上身向上拔高，保持颈肩放松。,VERTICAL,medium,3,时尚编辑|清冷|优雅,full_body|three_quarter,low,assets/pose-images/SI-045.webp
SI-046,SI,反坐跨椅·前倾对角,身体面向椅背反坐，双腿分置椅面两侧；从髋部向前倾，胸口向前延展形成对角线。,DIAGONAL,medium,3,时尚编辑|力量感,full_body|three_quarter,medium,assets/pose-images/SI-046.webp
SI-047,SI,反坐跨椅·后仰开胸,身体面向椅背反坐，双腿分置椅面两侧；上身后移并打开胸腔，形成舒展弧线。,ARCH,medium,3,时尚编辑|戏剧化|优雅,full_body|three_quarter,low,assets/pose-images/SI-047.webp
SI-048,SI,反坐跨椅·胸胯扭转,身体面向椅背反坐，双腿分置椅面两侧；骨盆保持座位方向，胸腔向侧面旋转。,TWIST,medium,3,时尚编辑|清冷,full_body|three_quarter,low,assets/pose-images/SI-048.webp
SI-049,SI,坐姿一腿前伸·直立纵向,一腿保持屈曲支撑，另一腿向前延伸拉长线条；骨盆稳定，上身向上拔高，保持颈肩放松。,VERTICAL,easy,2,清冷|优雅,full_body|three_quarter,low,assets/pose-images/SI-049.webp
SI-050,SI,坐姿一腿前伸·前倾对角,一腿保持屈曲支撑，另一腿向前延伸拉长线条；从髋部向前倾，胸口向前延展形成对角线。,DIAGONAL,easy,2,时尚编辑|力量感,full_body|three_quarter,medium,assets/pose-images/SI-050.webp
SI-051,SI,坐姿一腿前伸·后仰开胸,一腿保持屈曲支撑，另一腿向前延伸拉长线条；上身后移并打开胸腔，形成舒展弧线。,ARCH,medium,3,戏剧化|优雅,full_body|three_quarter,low,assets/pose-images/SI-051.webp
SI-052,SI,坐姿一腿前伸·胸胯扭转,一腿保持屈曲支撑，另一腿向前延伸拉长线条；骨盆保持座位方向，胸腔向侧面旋转。,TWIST,medium,3,时尚编辑|清冷,full_body|three_quarter,low,assets/pose-images/SI-052.webp
SI-053,SI,坐姿脚踝交叉·直立纵向,双腿向前收窄并在脚踝处交叉；骨盆稳定，上身向上拔高，保持颈肩放松。,VERTICAL,easy,1,清冷|优雅,full_body|three_quarter,low,assets/pose-images/SI-053.webp
SI-054,SI,坐姿脚踝交叉·前倾对角,双腿向前收窄并在脚踝处交叉；从髋部向前倾，胸口向前延展形成对角线。,DIAGONAL,easy,2,时尚编辑|力量感,full_body|three_quarter,medium,assets/pose-images/SI-054.webp
SI-055,SI,坐姿脚踝交叉·后仰开胸,双腿向前收窄并在脚踝处交叉；上身后移并打开胸腔，形成舒展弧线。,ARCH,medium,3,戏剧化|优雅,full_body|three_quarter,low,assets/pose-images/SI-055.webp
SI-056,SI,坐姿脚踝交叉·胸胯扭转,双腿向前收窄并在脚踝处交叉；骨盆保持座位方向，胸腔向侧面旋转。,TWIST,medium,3,时尚编辑|清冷,full_body|three_quarter,low,assets/pose-images/SI-056.webp
SI-057,SI,椅面偏坐·直立纵向,骨盆只占椅面一侧，身体获得明显偏移空间；骨盆稳定，上身向上拔高，保持颈肩放松。,VERTICAL,easy,2,清冷|优雅,full_body|three_quarter,low,assets/pose-images/SI-057.webp
SI-058,SI,椅面偏坐·前倾对角,骨盆只占椅面一侧，身体获得明显偏移空间；从髋部向前倾，胸口向前延展形成对角线。,DIAGONAL,easy,2,时尚编辑|力量感,full_body|three_quarter,medium,assets/pose-images/SI-058.webp
SI-059,SI,椅面偏坐·后仰开胸,骨盆只占椅面一侧，身体获得明显偏移空间；上身后移并打开胸腔，形成舒展弧线。,ARCH,medium,3,戏剧化|优雅,full_body|three_quarter,low,assets/pose-images/SI-059.webp
SI-060,SI,椅面偏坐·胸胯扭转,骨盆只占椅面一侧，身体获得明显偏移空间；骨盆保持座位方向，胸腔向侧面旋转。,TWIST,medium,3,时尚编辑|清冷,full_body|three_quarter,low,assets/pose-images/SI-060.webp
SI-061,SI,低凳前缘坐·直立纵向,低凳前缘坐，膝髋屈曲更明显，脚掌稳定落地；骨盆稳定，上身向上拔高，保持颈肩放松。,VERTICAL,easy,2,清冷|优雅,full_body|three_quarter,low,assets/pose-images/SI-061.webp
SI-062,SI,低凳前缘坐·前倾对角,低凳前缘坐，膝髋屈曲更明显，脚掌稳定落地；从髋部向前倾，胸口向前延展形成对角线。,DIAGONAL,easy,2,时尚编辑|力量感,full_body|three_quarter,medium,assets/pose-images/SI-062.webp
SI-063,SI,低凳前缘坐·后仰开胸,低凳前缘坐，膝髋屈曲更明显，脚掌稳定落地；上身后移并打开胸腔，形成舒展弧线。,ARCH,medium,3,戏剧化|优雅,full_body|three_quarter,low,assets/pose-images/SI-063.webp
SI-064,SI,低凳前缘坐·胸胯扭转,低凳前缘坐，膝髋屈曲更明显，脚掌稳定落地；骨盆保持座位方向，胸腔向侧面旋转。,TWIST,medium,3,时尚编辑|清冷,full_body|three_quarter,low,assets/pose-images/SI-064.webp
KN-001,KN,半跪前弓步,一膝着地、一脚前踩，前后形成稳定弓步,TRIANGLE,easy,2,力量感|时尚编辑,full_body|three_quarter,low,assets/pose-images/KN-001.webp
KN-002,KN,高跪直立,双膝着地、髋部离开脚跟，身体纵向拉长,VERTICAL,easy,2,优雅|清冷,full_body|three_quarter,low,assets/pose-images/KN-002.webp
KN-003,KN,坐脚跟跪姿,臀部落向脚跟，躯干保持放松,COMPACT,easy,2,柔和|自然,full_body|three_quarter,low,assets/pose-images/KN-003.webp
KN-004,KN,侧向高跪,高跪基础上骨盆向一侧偏移，形成非对称曲线,S_CURVE,medium,3,优雅|时尚编辑,full_body|three_quarter,low,assets/pose-images/KN-004.webp
KN-005,KN,低跪单手撑地,一膝/双膝低位，一手撑地形成三点结构,TRIANGLE,medium,3,时尚编辑|力量感,full_body|three_quarter,medium,assets/pose-images/KN-005.webp
KN-006,KN,高跪开胸后弓,双膝支撑，骨盆稳定，胸腔向上后方延展,ARCH,medium,3,戏剧化|优雅,full_body|three_quarter,low,assets/pose-images/KN-006.webp
KN-007,KN,跪姿S曲线,骨盆侧移、胸腔反向补偿，形成明显S线,S_CURVE,medium,3,时尚编辑|优雅,full_body|three_quarter,low,assets/pose-images/KN-007.webp
KN-008,KN,单膝前立跪,一侧膝盖高起，另一膝着地，形成高低层级,TRIANGLE,easy,2,时尚编辑|清冷,full_body|three_quarter,low,assets/pose-images/KN-008.webp
KN-009,KN,宽膝高跪,双膝适度打开，高跪保持稳定开放轮廓,OPEN,medium,3,力量感|时尚编辑,full_body|three_quarter,low,assets/pose-images/KN-009.webp
KN-010,KN,跪姿胸胯扭转,骨盆面向前方，胸腔明显转向侧方,TWIST,medium,3,时尚编辑|戏剧化,full_body|three_quarter,low,assets/pose-images/KN-010.webp
KN-011,KN,前俯双手撑地跪,跪姿向前折叠，双手承担部分支撑,DIAGONAL,medium,3,时尚编辑|力量感,full_body|three_quarter,medium,assets/pose-images/KN-011.webp
KN-012,KN,撑地加过头弧线,一手撑地，另一臂越头，身体形成连续弧线,C_CURVE,hard,4,戏剧化|时尚编辑,full_body|three_quarter,medium,assets/pose-images/KN-012.webp
KN-013,KN,高跪侧弯,双膝高跪，躯干侧弯并向外延展,C_CURVE,medium,3,优雅|戏剧化,full_body|three_quarter,low,assets/pose-images/KN-013.webp
KN-014,KN,高跪后伸手臂,高跪开胸，手臂向后或上后方延展,ARCH,medium,3,优雅|戏剧化,full_body|three_quarter,low,assets/pose-images/KN-014.webp
KN-015,KN,半跪向前伸手,半跪弓步同时单臂向镜头或前方延伸,FORWARD,medium,3,戏剧化|活泼,full_body|three_quarter,high,assets/pose-images/KN-015.webp
KN-016,KN,紧凑低跪,身体重心降低，膝腿与躯干形成紧凑体块,COMPACT,medium,3,清冷|时尚编辑,full_body|three_quarter,low,assets/pose-images/KN-016.webp
KN-017,KN,分腿半跪,一侧膝支撑，另一腿向侧方较长距离延伸,DIAGONAL,hard,4,时尚编辑|力量感,full_body|three_quarter,low,assets/pose-images/KN-017.webp
KN-018,KN,背身高跪回头,高跪背向或三分之二背向镜头并回头,TWIST,medium,3,优雅|清冷,full_body|three_quarter,low,assets/pose-images/KN-018.webp
KN-019,KN,抱膝收拢跪,低跪并让手臂/上身靠近抬高膝部,COMPACT,medium,3,柔和|清冷,full_body|three_quarter,low,assets/pose-images/KN-019.webp
KN-020,KN,对角延展跪,下肢形成稳定跪姿，上肢向对角方向强烈延展,DIAGONAL,hard,4,戏剧化|时尚编辑,full_body|three_quarter,medium,assets/pose-images/KN-020.webp
KN-021,KN,高跪并膝·胸胯反向S线,双膝靠近高跪，骨盆离开脚跟；骨盆侧移，胸腔反向回正形成跪姿S线。,S_CURVE,medium,3,优雅|柔和,full_body|three_quarter,low,assets/pose-images/KN-021.webp
KN-022,KN,高跪并膝·侧弯连续弧,双膝靠近高跪，骨盆离开脚跟；从骨盆到肋骨形成一条明显侧向弧线。,C_CURVE,medium,4,优雅|戏剧化,full_body|three_quarter,low,assets/pose-images/KN-022.webp
KN-023,KN,高跪并膝·开胸后弓,双膝靠近高跪，骨盆离开脚跟；胸腔向上打开并后伸，保持髋部稳定。,ARCH,medium,4,戏剧化|优雅,full_body|three_quarter,low,assets/pose-images/KN-023.webp
KN-024,KN,高跪并膝·扭转对角,双膝靠近高跪，骨盆离开脚跟；骨盆保持跪姿方向，胸腔旋转并形成斜向延展。,TWIST,medium,4,时尚编辑|清冷,full_body|three_quarter,low,assets/pose-images/KN-024.webp
KN-025,KN,高跪宽膝·胸胯反向S线,双膝打开高跪，建立开放稳定基底；骨盆侧移，胸腔反向回正形成跪姿S线。,S_CURVE,medium,3,优雅|柔和,full_body|three_quarter,low,assets/pose-images/KN-025.webp
KN-026,KN,高跪宽膝·侧弯连续弧,双膝打开高跪，建立开放稳定基底；从骨盆到肋骨形成一条明显侧向弧线。,C_CURVE,medium,4,优雅|戏剧化,full_body|three_quarter,low,assets/pose-images/KN-026.webp
KN-027,KN,高跪宽膝·开胸后弓,双膝打开高跪，建立开放稳定基底；胸腔向上打开并后伸，保持髋部稳定。,ARCH,medium,4,戏剧化|优雅,full_body|three_quarter,low,assets/pose-images/KN-027.webp
KN-028,KN,高跪宽膝·扭转对角,双膝打开高跪，建立开放稳定基底；骨盆保持跪姿方向，胸腔旋转并形成斜向延展。,TWIST,medium,4,时尚编辑|清冷,full_body|three_quarter,low,assets/pose-images/KN-028.webp
KN-029,KN,半跪前脚立·胸胯反向S线,一膝着地，另一脚在前落地形成半跪；骨盆侧移，胸腔反向回正形成跪姿S线。,S_CURVE,medium,3,优雅|柔和,full_body|three_quarter,low,assets/pose-images/KN-029.webp
KN-030,KN,半跪前脚立·侧弯连续弧,一膝着地，另一脚在前落地形成半跪；从骨盆到肋骨形成一条明显侧向弧线。,C_CURVE,medium,4,优雅|戏剧化,full_body|three_quarter,low,assets/pose-images/KN-030.webp
KN-031,KN,半跪前脚立·开胸后弓,一膝着地，另一脚在前落地形成半跪；胸腔向上打开并后伸，保持髋部稳定。,ARCH,medium,4,戏剧化|优雅,full_body|three_quarter,low,assets/pose-images/KN-031.webp
KN-032,KN,半跪前脚立·扭转对角,一膝着地，另一脚在前落地形成半跪；骨盆保持跪姿方向，胸腔旋转并形成斜向延展。,TWIST,medium,4,时尚编辑|清冷,full_body|three_quarter,low,assets/pose-images/KN-032.webp
KN-033,KN,半跪侧脚立·胸胯反向S线,一膝着地，另一脚向侧方落地；骨盆侧移，胸腔反向回正形成跪姿S线。,S_CURVE,medium,3,优雅|柔和,full_body|three_quarter,low,assets/pose-images/KN-033.webp
KN-034,KN,半跪侧脚立·侧弯连续弧,一膝着地，另一脚向侧方落地；从骨盆到肋骨形成一条明显侧向弧线。,C_CURVE,medium,4,优雅|戏剧化,full_body|three_quarter,low,assets/pose-images/KN-034.webp
KN-035,KN,半跪侧脚立·开胸后弓,一膝着地，另一脚向侧方落地；胸腔向上打开并后伸，保持髋部稳定。,ARCH,medium,4,戏剧化|优雅,full_body|three_quarter,low,assets/pose-images/KN-035.webp
KN-036,KN,半跪侧脚立·扭转对角,一膝着地，另一脚向侧方落地；骨盆保持跪姿方向，胸腔旋转并形成斜向延展。,TWIST,medium,4,时尚编辑|清冷,full_body|three_quarter,low,assets/pose-images/KN-036.webp
KN-037,KN,低跪坐跟·胸胯反向S线,双膝着地并将骨盆降低靠近脚跟；骨盆侧移，胸腔反向回正形成跪姿S线。,S_CURVE,medium,3,优雅|柔和,full_body|three_quarter,low,assets/pose-images/KN-037.webp
KN-038,KN,低跪坐跟·侧弯连续弧,双膝着地并将骨盆降低靠近脚跟；从骨盆到肋骨形成一条明显侧向弧线。,C_CURVE,medium,4,优雅|戏剧化,full_body|three_quarter,low,assets/pose-images/KN-038.webp
KN-039,KN,低跪坐跟·开胸后弓,双膝着地并将骨盆降低靠近脚跟；胸腔向上打开并后伸，保持髋部稳定。,ARCH,medium,4,戏剧化|优雅,full_body|three_quarter,low,assets/pose-images/KN-039.webp
KN-040,KN,低跪坐跟·扭转对角,双膝着地并将骨盆降低靠近脚跟；骨盆保持跪姿方向，胸腔旋转并形成斜向延展。,TWIST,medium,4,时尚编辑|清冷,full_body|three_quarter,low,assets/pose-images/KN-040.webp
KN-041,KN,单膝后伸·胸胯反向S线,一膝支撑，另一腿向后延长形成长线；骨盆侧移，胸腔反向回正形成跪姿S线。,S_CURVE,medium,4,优雅|柔和,full_body|three_quarter,low,assets/pose-images/KN-041.webp
KN-042,KN,单膝后伸·侧弯连续弧,一膝支撑，另一腿向后延长形成长线；从骨盆到肋骨形成一条明显侧向弧线。,C_CURVE,medium,4,优雅|戏剧化,full_body|three_quarter,low,assets/pose-images/KN-042.webp
KN-043,KN,单膝后伸·开胸后弓,一膝支撑，另一腿向后延长形成长线；胸腔向上打开并后伸，保持髋部稳定。,ARCH,medium,4,戏剧化|优雅,full_body|three_quarter,low,assets/pose-images/KN-043.webp
KN-044,KN,单膝后伸·扭转对角,一膝支撑，另一腿向后延长形成长线；骨盆保持跪姿方向，胸腔旋转并形成斜向延展。,TWIST,medium,4,时尚编辑|清冷,full_body|three_quarter,low,assets/pose-images/KN-044.webp
KN-045,KN,双膝错位·胸胯反向S线,双膝前后或左右错开，形成不对称跪姿基底；骨盆侧移，胸腔反向回正形成跪姿S线。,S_CURVE,medium,3,优雅|柔和,full_body|three_quarter,low,assets/pose-images/KN-045.webp
KN-046,KN,双膝错位·侧弯连续弧,双膝前后或左右错开，形成不对称跪姿基底；从骨盆到肋骨形成一条明显侧向弧线。,C_CURVE,medium,4,优雅|戏剧化,full_body|three_quarter,low,assets/pose-images/KN-046.webp
KN-047,KN,双膝错位·开胸后弓,双膝前后或左右错开，形成不对称跪姿基底；胸腔向上打开并后伸，保持髋部稳定。,ARCH,medium,4,戏剧化|优雅,full_body|three_quarter,low,assets/pose-images/KN-047.webp
KN-048,KN,双膝错位·扭转对角,双膝前后或左右错开，形成不对称跪姿基底；骨盆保持跪姿方向，胸腔旋转并形成斜向延展。,TWIST,medium,4,时尚编辑|清冷,full_body|three_quarter,low,assets/pose-images/KN-048.webp
KN-049,KN,高跪单侧提髋·胸胯反向S线,高跪中将骨盆明显推向一侧形成高低差；骨盆侧移，胸腔反向回正形成跪姿S线。,S_CURVE,medium,3,优雅|柔和,full_body|three_quarter,low,assets/pose-images/KN-049.webp
KN-050,KN,高跪单侧提髋·侧弯连续弧,高跪中将骨盆明显推向一侧形成高低差；从骨盆到肋骨形成一条明显侧向弧线。,C_CURVE,medium,4,优雅|戏剧化,full_body|three_quarter,low,assets/pose-images/KN-050.webp
KN-051,KN,高跪单侧提髋·开胸后弓,高跪中将骨盆明显推向一侧形成高低差；胸腔向上打开并后伸，保持髋部稳定。,ARCH,medium,4,戏剧化|优雅,full_body|three_quarter,low,assets/pose-images/KN-051.webp
KN-052,KN,高跪单侧提髋·扭转对角,高跪中将骨盆明显推向一侧形成高低差；骨盆保持跪姿方向，胸腔旋转并形成斜向延展。,TWIST,medium,4,时尚编辑|清冷,full_body|three_quarter,low,assets/pose-images/KN-052.webp
KN-053,KN,半跪长弓步·胸胯反向S线,一膝着地，前脚远离身体形成长弓步；骨盆侧移，胸腔反向回正形成跪姿S线。,S_CURVE,medium,4,优雅|柔和,full_body|three_quarter,low,assets/pose-images/KN-053.webp
KN-054,KN,半跪长弓步·侧弯连续弧,一膝着地，前脚远离身体形成长弓步；从骨盆到肋骨形成一条明显侧向弧线。,C_CURVE,medium,4,优雅|戏剧化,full_body|three_quarter,low,assets/pose-images/KN-054.webp
KN-055,KN,半跪长弓步·开胸后弓,一膝着地，前脚远离身体形成长弓步；胸腔向上打开并后伸，保持髋部稳定。,ARCH,medium,4,戏剧化|优雅,full_body|three_quarter,low,assets/pose-images/KN-055.webp
KN-056,KN,半跪长弓步·扭转对角,一膝着地，前脚远离身体形成长弓步；骨盆保持跪姿方向，胸腔旋转并形成斜向延展。,TWIST,medium,4,时尚编辑|清冷,full_body|three_quarter,low,assets/pose-images/KN-056.webp
KN-057,KN,跪姿一腿侧伸·胸胯反向S线,一膝/双膝支撑，同时一腿向侧方伸直；骨盆侧移，胸腔反向回正形成跪姿S线。,S_CURVE,medium,4,优雅|柔和,full_body|three_quarter,low,assets/pose-images/KN-057.webp
KN-058,KN,跪姿一腿侧伸·侧弯连续弧,一膝/双膝支撑，同时一腿向侧方伸直；从骨盆到肋骨形成一条明显侧向弧线。,C_CURVE,medium,4,优雅|戏剧化,full_body|three_quarter,low,assets/pose-images/KN-058.webp
KN-059,KN,跪姿一腿侧伸·开胸后弓,一膝/双膝支撑，同时一腿向侧方伸直；胸腔向上打开并后伸，保持髋部稳定。,ARCH,medium,4,戏剧化|优雅,full_body|three_quarter,low,assets/pose-images/KN-059.webp
KN-060,KN,跪姿一腿侧伸·扭转对角,一膝/双膝支撑，同时一腿向侧方伸直；骨盆保持跪姿方向，胸腔旋转并形成斜向延展。,TWIST,medium,4,时尚编辑|清冷,full_body|three_quarter,low,assets/pose-images/KN-060.webp
KN-061,KN,跪姿一腿前伸·胸胯反向S线,跪姿基底上将一腿向前延伸形成前向长线；骨盆侧移，胸腔反向回正形成跪姿S线。,S_CURVE,medium,4,优雅|柔和,full_body|three_quarter,low,assets/pose-images/KN-061.webp
KN-062,KN,跪姿一腿前伸·侧弯连续弧,跪姿基底上将一腿向前延伸形成前向长线；从骨盆到肋骨形成一条明显侧向弧线。,C_CURVE,medium,4,优雅|戏剧化,full_body|three_quarter,low,assets/pose-images/KN-062.webp
KN-063,KN,跪姿一腿前伸·开胸后弓,跪姿基底上将一腿向前延伸形成前向长线；胸腔向上打开并后伸，保持髋部稳定。,ARCH,medium,4,戏剧化|优雅,full_body|three_quarter,low,assets/pose-images/KN-063.webp
KN-064,KN,跪姿一腿前伸·扭转对角,跪姿基底上将一腿向前延伸形成前向长线；骨盆保持跪姿方向，胸腔旋转并形成斜向延展。,TWIST,medium,4,时尚编辑|清冷,full_body|three_quarter,low,assets/pose-images/KN-064.webp
SQ-001,SQ,深蹲对称,双脚稳定深蹲，重心居中，躯干延展,TRIANGLE,medium,3,力量感|时尚编辑,full_body|three_quarter,low,assets/pose-images/SQ-001.webp
SQ-002,SQ,提踵低蹲,低位蹲姿中脚跟抬起，重心更靠前,COMPACT,hard,4,时尚编辑|活泼,full_body|three_quarter,low,assets/pose-images/SQ-002.webp
SQ-003,SQ,侧向低蹲,重心偏向一侧腿，另一侧腿更开放,DIAGONAL,medium,3,时尚编辑|力量感,full_body|three_quarter,low,assets/pose-images/SQ-003.webp
SQ-004,SQ,低蹲单手撑地,深蹲或低蹲中一手落地形成稳定三角,TRIANGLE,medium,3,力量感|戏剧化,full_body|three_quarter,medium,assets/pose-images/SQ-004.webp
SQ-005,SQ,宽距相扑蹲,双脚宽开、膝盖向外，身体保持开放,OPEN,medium,3,力量感|时尚编辑,full_body|three_quarter,low,assets/pose-images/SQ-005.webp
SQ-006,SQ,并脚收拢蹲,双脚靠近，膝部折叠，身体紧凑收拢,COMPACT,medium,3,柔和|清冷,full_body|three_quarter,low,assets/pose-images/SQ-006.webp
SQ-007,SQ,侧伸腿蹲,一腿深屈承重，另一腿向侧方伸长,DIAGONAL,hard,4,力量感|时尚编辑,full_body|three_quarter,low,assets/pose-images/SQ-007.webp
SQ-008,SQ,前倾低蹲,蹲姿中躯干明显向前延展，重心稳定,DIAGONAL,medium,3,时尚编辑|清冷,full_body|three_quarter,medium,assets/pose-images/SQ-008.webp
SQ-009,SQ,蹲姿扭转,骨盆低位稳定，胸腔转向侧后方,TWIST,medium,3,时尚编辑|戏剧化,full_body|three_quarter,low,assets/pose-images/SQ-009.webp
SQ-010,SQ,前臂搭膝蹲,前臂自然落在一侧或双侧膝部,TRIANGLE,easy,2,松弛|时尚编辑,full_body|three_quarter,low,assets/pose-images/SQ-010.webp
SQ-011,SQ,蹲姿单臂过头,低位蹲姿中单臂越头形成大弧线,C_CURVE,hard,4,戏剧化|时尚编辑,full_body|three_quarter,low,assets/pose-images/SQ-011.webp
SQ-012,SQ,低位对角伸展,重心下沉，上肢向斜上方拉出对角线,DIAGONAL,hard,4,戏剧化|力量感,full_body|three_quarter,medium,assets/pose-images/SQ-012.webp
SQ-013,SQ,半蹲时装定格,膝髋轻屈而非深蹲，身体像动作中途停住,ASYMMETRIC,easy,2,时尚编辑|清冷,full_body|three_quarter,medium,assets/pose-images/SQ-013.webp
SQ-014,SQ,背身低蹲回头,身体背向镜头低蹲，头部回看,TWIST,medium,3,时尚编辑|清冷,full_body|three_quarter,low,assets/pose-images/SQ-014.webp
SQ-015,SQ,脚尖不对称蹲,一脚完整着地，另一脚前掌/脚尖承担轻支撑,ASYMMETRIC,hard,4,时尚编辑|活泼,full_body|three_quarter,low,assets/pose-images/SQ-015.webp
SQ-016,SQ,深蹲宽距·直立收拢,双脚宽距深蹲，膝髋充分屈曲；在低位中尽量保持胸口上提，整体轮廓收拢稳定。,COMPACT,medium,3,自然|柔和,full_body|three_quarter,low,assets/pose-images/SQ-016.webp
SQ-017,SQ,深蹲宽距·前倾对角,双脚宽距深蹲，膝髋充分屈曲；髋部后移、胸口前伸，形成低位强对角线。,DIAGONAL,medium,3,时尚编辑|力量感,full_body|three_quarter,medium,assets/pose-images/SQ-017.webp
SQ-018,SQ,深蹲宽距·扭转开放,双脚宽距深蹲，膝髋充分屈曲；低位基底稳定，胸腔向侧面旋转并打开负空间。,TWIST,medium,4,时尚编辑|清冷,full_body|three_quarter,low,assets/pose-images/SQ-018.webp
SQ-019,SQ,深蹲窄距·直立收拢,双脚较窄深蹲，身体更紧凑；在低位中尽量保持胸口上提，整体轮廓收拢稳定。,COMPACT,medium,3,自然|柔和,full_body|three_quarter,low,assets/pose-images/SQ-019.webp
SQ-020,SQ,深蹲窄距·前倾对角,双脚较窄深蹲，身体更紧凑；髋部后移、胸口前伸，形成低位强对角线。,DIAGONAL,medium,3,时尚编辑|力量感,full_body|three_quarter,medium,assets/pose-images/SQ-020.webp
SQ-021,SQ,深蹲窄距·扭转开放,双脚较窄深蹲，身体更紧凑；低位基底稳定，胸腔向侧面旋转并打开负空间。,TWIST,medium,4,时尚编辑|清冷,full_body|three_quarter,low,assets/pose-images/SQ-021.webp
SQ-022,SQ,单侧深蹲·直立收拢,重心下沉到一侧腿，另一腿承担较少重量；在低位中尽量保持胸口上提，整体轮廓收拢稳定。,COMPACT,medium,4,自然|柔和,full_body|three_quarter,low,assets/pose-images/SQ-022.webp
SQ-023,SQ,单侧深蹲·前倾对角,重心下沉到一侧腿，另一腿承担较少重量；髋部后移、胸口前伸，形成低位强对角线。,DIAGONAL,medium,4,时尚编辑|力量感,full_body|three_quarter,medium,assets/pose-images/SQ-023.webp
SQ-024,SQ,单侧深蹲·扭转开放,重心下沉到一侧腿，另一腿承担较少重量；低位基底稳定，胸腔向侧面旋转并打开负空间。,TWIST,medium,4,时尚编辑|清冷,full_body|three_quarter,low,assets/pose-images/SQ-024.webp
SQ-025,SQ,半蹲宽距·直立收拢,宽距站立基础上下沉到半蹲；在低位中尽量保持胸口上提，整体轮廓收拢稳定。,COMPACT,medium,2,自然|柔和,full_body|three_quarter,low,assets/pose-images/SQ-025.webp
SQ-026,SQ,半蹲宽距·前倾对角,宽距站立基础上下沉到半蹲；髋部后移、胸口前伸，形成低位强对角线。,DIAGONAL,medium,3,时尚编辑|力量感,full_body|three_quarter,medium,assets/pose-images/SQ-026.webp
SQ-027,SQ,半蹲宽距·扭转开放,宽距站立基础上下沉到半蹲；低位基底稳定，胸腔向侧面旋转并打开负空间。,TWIST,medium,4,时尚编辑|清冷,full_body|three_quarter,low,assets/pose-images/SQ-027.webp
SQ-028,SQ,半蹲窄距·直立收拢,窄距站立基础上下沉到半蹲；在低位中尽量保持胸口上提，整体轮廓收拢稳定。,COMPACT,medium,2,自然|柔和,full_body|three_quarter,low,assets/pose-images/SQ-028.webp
SQ-029,SQ,半蹲窄距·前倾对角,窄距站立基础上下沉到半蹲；髋部后移、胸口前伸，形成低位强对角线。,DIAGONAL,medium,3,时尚编辑|力量感,full_body|three_quarter,medium,assets/pose-images/SQ-029.webp
SQ-030,SQ,半蹲窄距·扭转开放,窄距站立基础上下沉到半蹲；低位基底稳定，胸腔向侧面旋转并打开负空间。,TWIST,medium,4,时尚编辑|清冷,full_body|three_quarter,low,assets/pose-images/SQ-030.webp
SQ-031,SQ,提踵深蹲·直立收拢,低蹲时一侧或双侧脚跟抬起，增加轻盈与平衡要求；在低位中尽量保持胸口上提，整体轮廓收拢稳定。,COMPACT,hard,4,自然|柔和,full_body|three_quarter,low,assets/pose-images/SQ-031.webp
SQ-032,SQ,提踵深蹲·前倾对角,低蹲时一侧或双侧脚跟抬起，增加轻盈与平衡要求；髋部后移、胸口前伸，形成低位强对角线。,DIAGONAL,hard,4,时尚编辑|力量感,full_body|three_quarter,medium,assets/pose-images/SQ-032.webp
SQ-033,SQ,提踵深蹲·扭转开放,低蹲时一侧或双侧脚跟抬起，增加轻盈与平衡要求；低位基底稳定，胸腔向侧面旋转并打开负空间。,TWIST,hard,4,时尚编辑|清冷,full_body|three_quarter,low,assets/pose-images/SQ-033.webp
SQ-034,SQ,一腿侧伸低蹲·直立收拢,一腿深屈承重，另一腿向侧方伸直；在低位中尽量保持胸口上提，整体轮廓收拢稳定。,COMPACT,medium,4,自然|柔和,full_body|three_quarter,low,assets/pose-images/SQ-034.webp
SQ-035,SQ,一腿侧伸低蹲·前倾对角,一腿深屈承重，另一腿向侧方伸直；髋部后移、胸口前伸，形成低位强对角线。,DIAGONAL,medium,4,时尚编辑|力量感,full_body|three_quarter,medium,assets/pose-images/SQ-035.webp
SQ-036,SQ,一腿侧伸低蹲·扭转开放,一腿深屈承重，另一腿向侧方伸直；低位基底稳定，胸腔向侧面旋转并打开负空间。,TWIST,medium,4,时尚编辑|清冷,full_body|three_quarter,low,assets/pose-images/SQ-036.webp
SQ-037,SQ,前后错步低蹲·直立收拢,前后脚错位并下沉，形成纵深低位结构；在低位中尽量保持胸口上提，整体轮廓收拢稳定。,COMPACT,medium,4,自然|柔和,full_body|three_quarter,low,assets/pose-images/SQ-037.webp
SQ-038,SQ,前后错步低蹲·前倾对角,前后脚错位并下沉，形成纵深低位结构；髋部后移、胸口前伸，形成低位强对角线。,DIAGONAL,medium,4,时尚编辑|力量感,full_body|three_quarter,medium,assets/pose-images/SQ-038.webp
SQ-039,SQ,前后错步低蹲·扭转开放,前后脚错位并下沉，形成纵深低位结构；低位基底稳定，胸腔向侧面旋转并打开负空间。,TWIST,medium,4,时尚编辑|清冷,full_body|three_quarter,low,assets/pose-images/SQ-039.webp
SQ-040,SQ,背身低蹲·直立收拢,身体背向或三分之二背向镜头下沉低蹲；在低位中尽量保持胸口上提，整体轮廓收拢稳定。,COMPACT,medium,3,自然|柔和,full_body|three_quarter,low,assets/pose-images/SQ-040.webp
SQ-041,SQ,背身低蹲·前倾对角,身体背向或三分之二背向镜头下沉低蹲；髋部后移、胸口前伸，形成低位强对角线。,DIAGONAL,medium,3,时尚编辑|力量感,full_body|three_quarter,medium,assets/pose-images/SQ-041.webp
SQ-042,SQ,背身低蹲·扭转开放,身体背向或三分之二背向镜头下沉低蹲；低位基底稳定，胸腔向侧面旋转并打开负空间。,TWIST,medium,4,时尚编辑|清冷,full_body|three_quarter,low,assets/pose-images/SQ-042.webp
SQ-043,SQ,单膝内扣半蹲·直立收拢,半蹲中一侧膝轻内收形成时装不对称；在低位中尽量保持胸口上提，整体轮廓收拢稳定。,COMPACT,medium,3,自然|柔和,full_body|three_quarter,low,assets/pose-images/SQ-043.webp
SQ-044,SQ,单膝内扣半蹲·前倾对角,半蹲中一侧膝轻内收形成时装不对称；髋部后移、胸口前伸，形成低位强对角线。,DIAGONAL,medium,3,时尚编辑|力量感,full_body|three_quarter,medium,assets/pose-images/SQ-044.webp
SQ-045,SQ,单膝内扣半蹲·扭转开放,半蹲中一侧膝轻内收形成时装不对称；低位基底稳定，胸腔向侧面旋转并打开负空间。,TWIST,medium,4,时尚编辑|清冷,full_body|three_quarter,low,assets/pose-images/SQ-045.webp
SQ-046,SQ,三点低蹲·直立收拢,低蹲时一手触地参与三点支撑；在低位中尽量保持胸口上提，整体轮廓收拢稳定。,COMPACT,hard,4,自然|柔和,full_body|three_quarter,low,assets/pose-images/SQ-046.webp
SQ-047,SQ,三点低蹲·前倾对角,低蹲时一手触地参与三点支撑；髋部后移、胸口前伸，形成低位强对角线。,DIAGONAL,hard,4,时尚编辑|力量感,full_body|three_quarter,medium,assets/pose-images/SQ-047.webp
SQ-048,SQ,三点低蹲·扭转开放,低蹲时一手触地参与三点支撑；低位基底稳定，胸腔向侧面旋转并打开负空间。,TWIST,hard,4,时尚编辑|清冷,full_body|three_quarter,low,assets/pose-images/SQ-048.webp
FL-001,FL,侧坐单手支撑,地面侧坐，一手在身体侧后方支撑,TRIANGLE,easy,2,自然|优雅,full_body|three_quarter,low,assets/pose-images/FL-001.webp
FL-002,FL,美人鱼侧折腿,双腿向同一侧折叠，躯干拉长,C_CURVE,easy,2,优雅|柔和,full_body|three_quarter,low,assets/pose-images/FL-002.webp
FL-003,FL,长腿后撑坐,腿部向前延长，双手在身体后方支撑,DIAGONAL,easy,2,松弛|时尚编辑,full_body|three_quarter,low,assets/pose-images/FL-003.webp
FL-004,FL,屈膝后躺,上身后靠或接近仰卧，双膝屈曲,TRIANGLE,easy,2,柔和|松弛,full_body|three_quarter,low,assets/pose-images/FL-004.webp
FL-005,FL,俯卧肘撑,俯卧并以前臂/肘部支撑上身,HORIZONTAL,easy,2,自然|柔和,full_body|three_quarter,low,assets/pose-images/FL-005.webp
FL-006,FL,俯卧单腿后屈,俯卧基础上一侧小腿向上屈曲,ASYMMETRIC,easy,2,活泼|柔和,full_body|three_quarter,low,assets/pose-images/FL-006.webp
FL-007,FL,仰卧双膝屈曲,平躺，双膝弯曲，身体形成稳定层次,TRIANGLE,easy,2,柔和|清冷,full_body|three_quarter,low,assets/pose-images/FL-007.webp
FL-008,FL,仰卧一腿延长,仰卧中一腿屈、一腿延长，形成不对称线条,DIAGONAL,easy,2,优雅|清冷,full_body|three_quarter,low,assets/pose-images/FL-008.webp
FL-009,FL,侧卧前臂支撑,侧卧并以前臂支撑上身，身体形成长斜线,DIAGONAL,easy,2,优雅|时尚编辑,full_body|three_quarter,low,assets/pose-images/FL-009.webp
FL-010,FL,侧卧长线,侧卧身体与双腿尽量拉长，减少支点干扰,HORIZONTAL,easy,2,清冷|优雅,full_body|three_quarter,low,assets/pose-images/FL-010.webp
FL-011,FL,抱膝地坐,坐地并让双膝接近躯干，手臂环抱或靠近膝部,COMPACT,easy,2,柔和|自然,full_body|three_quarter,low,assets/pose-images/FL-011.webp
FL-012,FL,V形地坐,上身与腿部形成开放V形，手臂辅助平衡,OPEN,medium,3,力量感|时尚编辑,full_body|three_quarter,low,assets/pose-images/FL-012.webp
FL-013,FL,盘腿直立坐,盘腿或交叉腿坐，脊柱纵向拉长,VERTICAL,easy,2,自然|清冷,full_body|three_quarter,low,assets/pose-images/FL-013.webp
FL-014,FL,一腿折一腿伸,一腿折叠在内侧，另一腿向前或侧方延伸,DIAGONAL,easy,2,优雅|自然,full_body|three_quarter,low,assets/pose-images/FL-014.webp
FL-015,FL,双腿同侧地坐,两腿同时折向一侧，上身向相反方向平衡,S_CURVE,easy,2,优雅|柔和,full_body|three_quarter,low,assets/pose-images/FL-015.webp
FL-016,FL,地面双手后撑,坐地双手后撑，胸腔打开、腿部自由变化,ARCH,easy,3,松弛|时尚编辑,full_body|three_quarter,low,assets/pose-images/FL-016.webp
FL-017,FL,低位眼镜蛇延展,俯卧基础上抬起胸腔，手臂参与低位支撑,ARCH,medium,3,戏剧化|优雅,full_body|three_quarter,low,assets/pose-images/FL-017.webp
FL-018,FL,侧卧收拢蜷曲,侧卧并让膝部与上身靠近，形成收拢轮廓,COMPACT,easy,2,柔和|清冷,full_body|three_quarter,low,assets/pose-images/FL-018.webp
FL-019,FL,四肢对角展开,地面姿势中手脚向不同方向形成大对角线,DIAGONAL,medium,3,戏剧化|时尚编辑,full_body|three_quarter,medium,assets/pose-images/FL-019.webp
FL-020,FL,地面扭转回看,骨盆贴地，胸腔转向后方并回头,TWIST,medium,3,时尚编辑|优雅,full_body|three_quarter,low,assets/pose-images/FL-020.webp
FL-021,FL,长坐双腿前伸·纵向延展,坐地，双腿向前延长形成清晰长线；从骨盆到头顶保持长线，避免身体塌缩。,VERTICAL,easy,2,清冷|优雅,full_body|three_quarter|half_body,low,assets/pose-images/FL-021.webp
FL-022,FL,长坐双腿前伸·侧向弧线,坐地，双腿向前延长形成清晰长线；身体侧面形成连续弧线，强调腰侧与腿部连接。,C_CURVE,medium,3,优雅|戏剧化,full_body|three_quarter|half_body,low,assets/pose-images/FL-022.webp
FL-023,FL,长坐双腿前伸·轴向扭转,坐地，双腿向前延长形成清晰长线；下肢/骨盆保持基底，上身向侧后方旋转。,TWIST,medium,3,时尚编辑|清冷,full_body|three_quarter|half_body,low,assets/pose-images/FL-023.webp
FL-024,FL,长坐双腿前伸·开胸延展,坐地，双腿向前延长形成清晰长线；胸腔打开并向上或向后延展，形成舒展前侧线。,ARCH,medium,3,戏剧化|优雅,full_body|three_quarter|half_body,low,assets/pose-images/FL-024.webp
FL-025,FL,长坐一屈一伸·纵向延展,一腿屈曲靠近身体，另一腿向前延伸；从骨盆到头顶保持长线，避免身体塌缩。,VERTICAL,easy,2,清冷|优雅,full_body|three_quarter|half_body,low,assets/pose-images/FL-025.webp
FL-026,FL,长坐一屈一伸·侧向弧线,一腿屈曲靠近身体，另一腿向前延伸；身体侧面形成连续弧线，强调腰侧与腿部连接。,C_CURVE,medium,3,优雅|戏剧化,full_body|three_quarter|half_body,low,assets/pose-images/FL-026.webp
FL-027,FL,长坐一屈一伸·轴向扭转,一腿屈曲靠近身体，另一腿向前延伸；下肢/骨盆保持基底，上身向侧后方旋转。,TWIST,medium,3,时尚编辑|清冷,full_body|three_quarter|half_body,low,assets/pose-images/FL-027.webp
FL-028,FL,长坐一屈一伸·开胸延展,一腿屈曲靠近身体，另一腿向前延伸；胸腔打开并向上或向后延展，形成舒展前侧线。,ARCH,medium,3,戏剧化|优雅,full_body|three_quarter|half_body,low,assets/pose-images/FL-028.webp
FL-029,FL,侧坐双腿折叠·纵向延展,双腿折向同一侧，骨盆形成侧向地坐；从骨盆到头顶保持长线，避免身体塌缩。,VERTICAL,easy,2,清冷|优雅,full_body|three_quarter|half_body,low,assets/pose-images/FL-029.webp
FL-030,FL,侧坐双腿折叠·侧向弧线,双腿折向同一侧，骨盆形成侧向地坐；身体侧面形成连续弧线，强调腰侧与腿部连接。,C_CURVE,medium,3,优雅|戏剧化,full_body|three_quarter|half_body,low,assets/pose-images/FL-030.webp
FL-031,FL,侧坐双腿折叠·轴向扭转,双腿折向同一侧，骨盆形成侧向地坐；下肢/骨盆保持基底，上身向侧后方旋转。,TWIST,medium,3,时尚编辑|清冷,full_body|three_quarter|half_body,low,assets/pose-images/FL-031.webp
FL-032,FL,侧坐双腿折叠·开胸延展,双腿折向同一侧，骨盆形成侧向地坐；胸腔打开并向上或向后延展，形成舒展前侧线。,ARCH,medium,3,戏剧化|优雅,full_body|three_quarter|half_body,low,assets/pose-images/FL-032.webp
FL-033,FL,盘腿高坐·纵向延展,盘腿地坐并向上拔高躯干；从骨盆到头顶保持长线，避免身体塌缩。,VERTICAL,easy,1,清冷|优雅,full_body|three_quarter|half_body,low,assets/pose-images/FL-033.webp
FL-034,FL,盘腿高坐·侧向弧线,盘腿地坐并向上拔高躯干；身体侧面形成连续弧线，强调腰侧与腿部连接。,C_CURVE,medium,3,优雅|戏剧化,full_body|three_quarter|half_body,low,assets/pose-images/FL-034.webp
FL-035,FL,盘腿高坐·轴向扭转,盘腿地坐并向上拔高躯干；下肢/骨盆保持基底，上身向侧后方旋转。,TWIST,medium,3,时尚编辑|清冷,full_body|three_quarter|half_body,low,assets/pose-images/FL-035.webp
FL-036,FL,盘腿高坐·开胸延展,盘腿地坐并向上拔高躯干；胸腔打开并向上或向后延展，形成舒展前侧线。,ARCH,medium,3,戏剧化|优雅,full_body|three_quarter|half_body,low,assets/pose-images/FL-036.webp
FL-037,FL,双膝抱坐·纵向延展,双膝屈曲靠近胸前，整体形成紧凑地坐；从骨盆到头顶保持长线，避免身体塌缩。,VERTICAL,easy,2,清冷|优雅,full_body|three_quarter|half_body,low,assets/pose-images/FL-037.webp
FL-038,FL,双膝抱坐·侧向弧线,双膝屈曲靠近胸前，整体形成紧凑地坐；身体侧面形成连续弧线，强调腰侧与腿部连接。,C_CURVE,medium,3,优雅|戏剧化,full_body|three_quarter|half_body,low,assets/pose-images/FL-038.webp
FL-039,FL,双膝抱坐·轴向扭转,双膝屈曲靠近胸前，整体形成紧凑地坐；下肢/骨盆保持基底，上身向侧后方旋转。,TWIST,medium,3,时尚编辑|清冷,full_body|three_quarter|half_body,low,assets/pose-images/FL-039.webp
FL-040,FL,双膝抱坐·开胸延展,双膝屈曲靠近胸前，整体形成紧凑地坐；胸腔打开并向上或向后延展，形成舒展前侧线。,ARCH,medium,3,戏剧化|优雅,full_body|three_quarter|half_body,low,assets/pose-images/FL-040.webp
FL-041,FL,后撑屈膝坐·纵向延展,双膝屈曲坐地，手臂可在身后参与支撑；从骨盆到头顶保持长线，避免身体塌缩。,VERTICAL,easy,2,清冷|优雅,full_body|three_quarter|half_body,low,assets/pose-images/FL-041.webp
FL-042,FL,后撑屈膝坐·侧向弧线,双膝屈曲坐地，手臂可在身后参与支撑；身体侧面形成连续弧线，强调腰侧与腿部连接。,C_CURVE,medium,3,优雅|戏剧化,full_body|three_quarter|half_body,low,assets/pose-images/FL-042.webp
FL-043,FL,后撑屈膝坐·轴向扭转,双膝屈曲坐地，手臂可在身后参与支撑；下肢/骨盆保持基底，上身向侧后方旋转。,TWIST,medium,3,时尚编辑|清冷,full_body|three_quarter|half_body,low,assets/pose-images/FL-043.webp
FL-044,FL,后撑屈膝坐·开胸延展,双膝屈曲坐地，手臂可在身后参与支撑；胸腔打开并向上或向后延展，形成舒展前侧线。,ARCH,medium,3,戏剧化|优雅,full_body|three_quarter|half_body,low,assets/pose-images/FL-044.webp
FL-045,FL,侧卧长腿·纵向延展,身体侧卧，双腿纵向延长；从骨盆到头顶保持长线，避免身体塌缩。,VERTICAL,easy,2,清冷|优雅,full_body|three_quarter|half_body,low,assets/pose-images/FL-045.webp
FL-046,FL,侧卧长腿·侧向弧线,身体侧卧，双腿纵向延长；身体侧面形成连续弧线，强调腰侧与腿部连接。,C_CURVE,medium,3,优雅|戏剧化,full_body|three_quarter|half_body,low,assets/pose-images/FL-046.webp
FL-047,FL,侧卧长腿·轴向扭转,身体侧卧，双腿纵向延长；下肢/骨盆保持基底，上身向侧后方旋转。,TWIST,medium,3,时尚编辑|清冷,full_body|three_quarter|half_body,low,assets/pose-images/FL-047.webp
FL-048,FL,侧卧长腿·开胸延展,身体侧卧，双腿纵向延长；胸腔打开并向上或向后延展，形成舒展前侧线。,ARCH,medium,3,戏剧化|优雅,full_body|three_quarter|half_body,low,assets/pose-images/FL-048.webp
FL-049,FL,侧卧屈膝·纵向延展,侧卧时双膝部分屈曲，轮廓更紧凑；从骨盆到头顶保持长线，避免身体塌缩。,VERTICAL,easy,2,清冷|优雅,full_body|three_quarter|half_body,low,assets/pose-images/FL-049.webp
FL-050,FL,侧卧屈膝·侧向弧线,侧卧时双膝部分屈曲，轮廓更紧凑；身体侧面形成连续弧线，强调腰侧与腿部连接。,C_CURVE,medium,3,优雅|戏剧化,full_body|three_quarter|half_body,low,assets/pose-images/FL-050.webp
FL-051,FL,侧卧屈膝·轴向扭转,侧卧时双膝部分屈曲，轮廓更紧凑；下肢/骨盆保持基底，上身向侧后方旋转。,TWIST,medium,3,时尚编辑|清冷,full_body|three_quarter|half_body,low,assets/pose-images/FL-051.webp
FL-052,FL,侧卧屈膝·开胸延展,侧卧时双膝部分屈曲，轮廓更紧凑；胸腔打开并向上或向后延展，形成舒展前侧线。,ARCH,medium,3,戏剧化|优雅,full_body|three_quarter|half_body,low,assets/pose-images/FL-052.webp
FL-053,FL,仰卧单腿屈·纵向延展,仰卧，一腿伸长，另一腿屈膝形成高低差；从骨盆到头顶保持长线，避免身体塌缩。,VERTICAL,easy,2,清冷|优雅,full_body|three_quarter|half_body,low,assets/pose-images/FL-053.webp
FL-054,FL,仰卧单腿屈·侧向弧线,仰卧，一腿伸长，另一腿屈膝形成高低差；身体侧面形成连续弧线，强调腰侧与腿部连接。,C_CURVE,medium,3,优雅|戏剧化,full_body|three_quarter|half_body,low,assets/pose-images/FL-054.webp
FL-055,FL,仰卧单腿屈·轴向扭转,仰卧，一腿伸长，另一腿屈膝形成高低差；下肢/骨盆保持基底，上身向侧后方旋转。,TWIST,medium,3,时尚编辑|清冷,full_body|three_quarter|half_body,low,assets/pose-images/FL-055.webp
FL-056,FL,仰卧单腿屈·开胸延展,仰卧，一腿伸长，另一腿屈膝形成高低差；胸腔打开并向上或向后延展，形成舒展前侧线。,ARCH,medium,3,戏剧化|优雅,full_body|three_quarter|half_body,low,assets/pose-images/FL-056.webp
FL-057,FL,俯卧前臂撑·纵向延展,俯卧并以双前臂抬起上身；从骨盆到头顶保持长线，避免身体塌缩。,VERTICAL,easy,2,清冷|优雅,full_body|three_quarter|half_body,low,assets/pose-images/FL-057.webp
FL-058,FL,俯卧前臂撑·侧向弧线,俯卧并以双前臂抬起上身；身体侧面形成连续弧线，强调腰侧与腿部连接。,C_CURVE,medium,3,优雅|戏剧化,full_body|three_quarter|half_body,low,assets/pose-images/FL-058.webp
FL-059,FL,俯卧前臂撑·轴向扭转,俯卧并以双前臂抬起上身；下肢/骨盆保持基底，上身向侧后方旋转。,TWIST,medium,3,时尚编辑|清冷,full_body|three_quarter|half_body,low,assets/pose-images/FL-059.webp
FL-060,FL,俯卧前臂撑·开胸延展,俯卧并以双前臂抬起上身；胸腔打开并向上或向后延展，形成舒展前侧线。,ARCH,medium,3,戏剧化|优雅,full_body|three_quarter|half_body,low,assets/pose-images/FL-060.webp
FL-061,FL,四点跪撑·纵向延展,双膝与双手接触地面形成四点低位结构；从骨盆到头顶保持长线，避免身体塌缩。,VERTICAL,medium,3,清冷|优雅,full_body|three_quarter|half_body,low,assets/pose-images/FL-061.webp
FL-062,FL,四点跪撑·侧向弧线,双膝与双手接触地面形成四点低位结构；身体侧面形成连续弧线，强调腰侧与腿部连接。,C_CURVE,medium,3,优雅|戏剧化,full_body|three_quarter|half_body,low,assets/pose-images/FL-062.webp
FL-063,FL,四点跪撑·轴向扭转,双膝与双手接触地面形成四点低位结构；下肢/骨盆保持基底，上身向侧后方旋转。,TWIST,medium,3,时尚编辑|清冷,full_body|three_quarter|half_body,low,assets/pose-images/FL-063.webp
FL-064,FL,四点跪撑·开胸延展,双膝与双手接触地面形成四点低位结构；胸腔打开并向上或向后延展，形成舒展前侧线。,ARCH,medium,3,戏剧化|优雅,full_body|three_quarter|half_body,low,assets/pose-images/FL-064.webp
LE-001,LE,肩靠墙,单侧肩部靠墙，双脚离墙少量距离,DIAGONAL,easy,2,松弛|清冷,full_body|three_quarter|half_body,low,assets/pose-images/LE-001.webp
LE-002,LE,背靠墙,背部与墙面建立主要支撑，腿部自由错位,VERTICAL,easy,2,清冷|自然,full_body|three_quarter|half_body,low,assets/pose-images/LE-002.webp
LE-003,LE,胯侧靠墙,骨盆/髋部轻靠墙，胸腔向外离开墙面,S_CURVE,easy,2,优雅|时尚编辑,full_body|three_quarter|half_body,low,assets/pose-images/LE-003.webp
LE-004,LE,前臂撑墙,一侧前臂或手掌撑墙，上身形成对角,DIAGONAL,easy,2,时尚编辑|力量感,full_body|three_quarter|half_body,low,assets/pose-images/LE-004.webp
LE-005,LE,侧靠立柱,身体侧面靠立柱，腿部前后错位,C_CURVE,easy,2,优雅|松弛,full_body|three_quarter|half_body,low,assets/pose-images/LE-005.webp
LE-006,LE,扶栏杆侧倾,一手扶栏杆/台面，身体向外侧倾,DIAGONAL,easy,2,自然|优雅,full_body|three_quarter|half_body,low,assets/pose-images/LE-006.webp
LE-007,LE,手撑台面站,一手或双手落在台面，身体前倾或侧倾,TRIANGLE,easy,2,时尚编辑|自然,full_body|three_quarter|half_body,low,assets/pose-images/LE-007.webp
LE-008,LE,扶椅背站,站立时以前臂/手掌接触椅背形成辅助支点,TRIANGLE,easy,2,优雅|时尚编辑,full_body|three_quarter|half_body,low,assets/pose-images/LE-008.webp
LE-009,LE,门框上撑,手臂抬高接触门框/墙面，上身形成纵向延展,VERTICAL,easy,2,时尚编辑|戏剧化,full_body|three_quarter|half_body,low,assets/pose-images/LE-009.webp
LE-010,LE,单脚抵墙,一脚踩墙或立面低处，膝部抬高形成三角,TRIANGLE,medium,3,松弛|时尚编辑,full_body|three_quarter|half_body,low,assets/pose-images/LE-010.webp
LE-011,LE,头肩轻靠墙,头部或肩部轻靠墙，身体整体保持放松,COMPACT,easy,2,柔和|清冷,full_body|three_quarter|half_body,low,assets/pose-images/LE-011.webp
LE-012,LE,墙边后仰开胸,背部/肩部获得墙面辅助，胸腔向前上方打开,ARCH,medium,3,戏剧化|优雅,full_body|three_quarter|half_body,low,assets/pose-images/LE-012.webp
LE-013,LE,肩侧靠墙·胸胯反向S线,以一侧肩部轻靠墙面，身体其余部分保持独立支撑；借助支点让骨盆与胸腔轻度反向侧移。,S_CURVE,easy,2,优雅|柔和,full_body|three_quarter,low,assets/pose-images/LE-013.webp
LE-014,LE,肩侧靠墙·前倾对角,以一侧肩部轻靠墙面，身体其余部分保持独立支撑；从髋部向支点或镜头方向前倾，形成明显斜线。,DIAGONAL,medium,3,时尚编辑|力量感,full_body|three_quarter,medium,assets/pose-images/LE-014.webp
LE-015,LE,肩侧靠墙·后仰扭转,以一侧肩部轻靠墙面，身体其余部分保持独立支撑；利用支点打开胸腔并加入轻微反向扭转。,TWIST,medium,3,时尚编辑|清冷,full_body|three_quarter,low,assets/pose-images/LE-015.webp
LE-016,LE,背部靠墙·胸胯反向S线,上背或肩胛靠墙，双脚略离墙；借助支点让骨盆与胸腔轻度反向侧移。,S_CURVE,easy,2,优雅|柔和,full_body|three_quarter,low,assets/pose-images/LE-016.webp
LE-017,LE,背部靠墙·前倾对角,上背或肩胛靠墙，双脚略离墙；从髋部向支点或镜头方向前倾，形成明显斜线。,DIAGONAL,medium,3,时尚编辑|力量感,full_body|three_quarter,medium,assets/pose-images/LE-017.webp
LE-018,LE,背部靠墙·后仰扭转,上背或肩胛靠墙，双脚略离墙；利用支点打开胸腔并加入轻微反向扭转。,TWIST,medium,3,时尚编辑|清冷,full_body|three_quarter,low,assets/pose-images/LE-018.webp
LE-019,LE,胯侧靠墙·胸胯反向S线,一侧骨盆/胯部轻触墙面形成侧向支点；借助支点让骨盆与胸腔轻度反向侧移。,S_CURVE,easy,2,优雅|柔和,full_body|three_quarter,low,assets/pose-images/LE-019.webp
LE-020,LE,胯侧靠墙·前倾对角,一侧骨盆/胯部轻触墙面形成侧向支点；从髋部向支点或镜头方向前倾，形成明显斜线。,DIAGONAL,medium,3,时尚编辑|力量感,full_body|three_quarter,medium,assets/pose-images/LE-020.webp
LE-021,LE,胯侧靠墙·后仰扭转,一侧骨盆/胯部轻触墙面形成侧向支点；利用支点打开胸腔并加入轻微反向扭转。,TWIST,medium,3,时尚编辑|清冷,full_body|three_quarter,low,assets/pose-images/LE-021.webp
LE-022,LE,前臂撑墙·胸胯反向S线,一侧或双侧前臂接触墙面形成上肢支点；借助支点让骨盆与胸腔轻度反向侧移。,S_CURVE,easy,2,优雅|柔和,full_body|three_quarter,low,assets/pose-images/LE-022.webp
LE-023,LE,前臂撑墙·前倾对角,一侧或双侧前臂接触墙面形成上肢支点；从髋部向支点或镜头方向前倾，形成明显斜线。,DIAGONAL,medium,3,时尚编辑|力量感,full_body|three_quarter,medium,assets/pose-images/LE-023.webp
LE-024,LE,前臂撑墙·后仰扭转,一侧或双侧前臂接触墙面形成上肢支点；利用支点打开胸腔并加入轻微反向扭转。,TWIST,medium,3,时尚编辑|清冷,full_body|three_quarter,low,assets/pose-images/LE-024.webp
LE-025,LE,单手高撑墙·胸胯反向S线,一手高位撑墙，身体与墙形成对角关系；借助支点让骨盆与胸腔轻度反向侧移。,S_CURVE,medium,3,优雅|柔和,full_body|three_quarter,low,assets/pose-images/LE-025.webp
LE-026,LE,单手高撑墙·前倾对角,一手高位撑墙，身体与墙形成对角关系；从髋部向支点或镜头方向前倾，形成明显斜线。,DIAGONAL,medium,3,时尚编辑|力量感,full_body|three_quarter,medium,assets/pose-images/LE-026.webp
LE-027,LE,单手高撑墙·后仰扭转,一手高位撑墙，身体与墙形成对角关系；利用支点打开胸腔并加入轻微反向扭转。,TWIST,medium,3,时尚编辑|清冷,full_body|three_quarter,low,assets/pose-images/LE-027.webp
LE-028,LE,双手撑墙·胸胯反向S线,双手同时接触墙面，上身与墙之间保留空间；借助支点让骨盆与胸腔轻度反向侧移。,S_CURVE,medium,3,优雅|柔和,full_body|three_quarter,low,assets/pose-images/LE-028.webp
LE-029,LE,双手撑墙·前倾对角,双手同时接触墙面，上身与墙之间保留空间；从髋部向支点或镜头方向前倾，形成明显斜线。,DIAGONAL,medium,3,时尚编辑|力量感,full_body|three_quarter,medium,assets/pose-images/LE-029.webp
LE-030,LE,双手撑墙·后仰扭转,双手同时接触墙面，上身与墙之间保留空间；利用支点打开胸腔并加入轻微反向扭转。,TWIST,medium,3,时尚编辑|清冷,full_body|three_quarter,low,assets/pose-images/LE-030.webp
LE-031,LE,侧肩靠柱·胸胯反向S线,一侧肩部靠立柱形成窄支点；借助支点让骨盆与胸腔轻度反向侧移。,S_CURVE,easy,2,优雅|柔和,full_body|three_quarter,low,assets/pose-images/LE-031.webp
LE-032,LE,侧肩靠柱·前倾对角,一侧肩部靠立柱形成窄支点；从髋部向支点或镜头方向前倾，形成明显斜线。,DIAGONAL,medium,3,时尚编辑|力量感,full_body|three_quarter,medium,assets/pose-images/LE-032.webp
LE-033,LE,侧肩靠柱·后仰扭转,一侧肩部靠立柱形成窄支点；利用支点打开胸腔并加入轻微反向扭转。,TWIST,medium,3,时尚编辑|清冷,full_body|three_quarter,low,assets/pose-images/LE-033.webp
LE-034,LE,背靠立柱·胸胯反向S线,背部局部靠柱，身体可在柱两侧形成扭转；借助支点让骨盆与胸腔轻度反向侧移。,S_CURVE,easy,2,优雅|柔和,full_body|three_quarter,low,assets/pose-images/LE-034.webp
LE-035,LE,背靠立柱·前倾对角,背部局部靠柱，身体可在柱两侧形成扭转；从髋部向支点或镜头方向前倾，形成明显斜线。,DIAGONAL,medium,3,时尚编辑|力量感,full_body|three_quarter,medium,assets/pose-images/LE-035.webp
LE-036,LE,背靠立柱·后仰扭转,背部局部靠柱，身体可在柱两侧形成扭转；利用支点打开胸腔并加入轻微反向扭转。,TWIST,medium,3,时尚编辑|清冷,full_body|three_quarter,low,assets/pose-images/LE-036.webp
LE-037,LE,扶栏杆·胸胯反向S线,单手或前臂轻扶栏杆作为侧向支点；借助支点让骨盆与胸腔轻度反向侧移。,S_CURVE,easy,2,优雅|柔和,full_body|three_quarter,low,assets/pose-images/LE-037.webp
LE-038,LE,扶栏杆·前倾对角,单手或前臂轻扶栏杆作为侧向支点；从髋部向支点或镜头方向前倾，形成明显斜线。,DIAGONAL,medium,3,时尚编辑|力量感,full_body|three_quarter,medium,assets/pose-images/LE-038.webp
LE-039,LE,扶栏杆·后仰扭转,单手或前臂轻扶栏杆作为侧向支点；利用支点打开胸腔并加入轻微反向扭转。,TWIST,medium,3,时尚编辑|清冷,full_body|three_quarter,low,assets/pose-images/LE-039.webp
LE-040,LE,手撑台面·胸胯反向S线,单手或双手触及台面形成较低上肢支点；借助支点让骨盆与胸腔轻度反向侧移。,S_CURVE,easy,2,优雅|柔和,full_body|three_quarter,low,assets/pose-images/LE-040.webp
LE-041,LE,手撑台面·前倾对角,单手或双手触及台面形成较低上肢支点；从髋部向支点或镜头方向前倾，形成明显斜线。,DIAGONAL,medium,3,时尚编辑|力量感,full_body|three_quarter,medium,assets/pose-images/LE-041.webp
LE-042,LE,手撑台面·后仰扭转,单手或双手触及台面形成较低上肢支点；利用支点打开胸腔并加入轻微反向扭转。,TWIST,medium,3,时尚编辑|清冷,full_body|three_quarter,low,assets/pose-images/LE-042.webp
LE-043,LE,扶椅背·胸胯反向S线,手部扶住椅背，身体与椅背保持可见关系；借助支点让骨盆与胸腔轻度反向侧移。,S_CURVE,easy,2,优雅|柔和,full_body|three_quarter,low,assets/pose-images/LE-043.webp
LE-044,LE,扶椅背·前倾对角,手部扶住椅背，身体与椅背保持可见关系；从髋部向支点或镜头方向前倾，形成明显斜线。,DIAGONAL,medium,3,时尚编辑|力量感,full_body|three_quarter,medium,assets/pose-images/LE-044.webp
LE-045,LE,扶椅背·后仰扭转,手部扶住椅背，身体与椅背保持可见关系；利用支点打开胸腔并加入轻微反向扭转。,TWIST,medium,3,时尚编辑|清冷,full_body|three_quarter,low,assets/pose-images/LE-045.webp
LE-046,LE,门框单臂支撑·胸胯反向S线,一侧手臂扶门框，身体向外形成开放空间；借助支点让骨盆与胸腔轻度反向侧移。,S_CURVE,easy,2,优雅|柔和,full_body|three_quarter,low,assets/pose-images/LE-046.webp
LE-047,LE,门框单臂支撑·前倾对角,一侧手臂扶门框，身体向外形成开放空间；从髋部向支点或镜头方向前倾，形成明显斜线。,DIAGONAL,medium,3,时尚编辑|力量感,full_body|three_quarter,medium,assets/pose-images/LE-047.webp
LE-048,LE,门框单臂支撑·后仰扭转,一侧手臂扶门框，身体向外形成开放空间；利用支点打开胸腔并加入轻微反向扭转。,TWIST,medium,3,时尚编辑|清冷,full_body|three_quarter,low,assets/pose-images/LE-048.webp
WK-001,WK,自然中步幅,正常步幅行走，在前后脚交换中定格,DIAGONAL,easy,2,自然|松弛,full_body,medium,assets/pose-images/WK-001.webp
WK-002,WK,交叉步行走,前脚略跨过身体中线，形成更时装化步态,S_CURVE,medium,3,时尚编辑|优雅,full_body,medium,assets/pose-images/WK-002.webp
WK-003,WK,长步幅前行,前后脚距离较大，身体有明确前进方向,DIAGONAL,medium,3,力量感|时尚编辑,full_body,medium,assets/pose-images/WK-003.webp
WK-004,WK,慢步拖后脚,前脚落地，后脚轻拖或脚尖点地,VERTICAL,easy,2,松弛|优雅,full_body,medium,assets/pose-images/WK-004.webp
WK-005,WK,行走回头,身体继续前行，头肩回转看向后方,TWIST,medium,3,自然|活泼,full_body,medium,assets/pose-images/WK-005.webp
WK-006,WK,行走中转身,步伐保持连续，同时胸腔开始向侧方转动,TWIST,medium,3,时尚编辑|活泼,full_body,medium,assets/pose-images/WK-006.webp
WK-007,WK,脚尖先行轻步,前脚脚尖先触地，步态轻盈,ASYMMETRIC,easy,2,柔和|活泼,full_body,medium,assets/pose-images/WK-007.webp
WK-008,WK,后脚跟抬起停步,前脚稳定、后脚跟抬起，形成瞬间停格,DIAGONAL,easy,2,时尚编辑|优雅,full_body,medium,assets/pose-images/WK-008.webp
WK-009,WK,侧向横移步,身体朝镜头或侧面，双脚向侧方向移动,HORIZONTAL,medium,3,活泼|时尚编辑,full_body,medium,assets/pose-images/WK-009.webp
WK-010,WK,行走前伸手,行走中一臂向前或镜头方向延展,FORWARD,medium,3,活泼|戏剧化,full_body,high,assets/pose-images/WK-010.webp
WK-011,WK,自然中步幅·上身纵向放松,自然步幅行走，前后脚清晰分离；上身保持自然竖直，肩臂随步伐轻摆。,VERTICAL,easy,2,清冷|优雅,full_body|three_quarter,low,assets/pose-images/WK-011.webp
WK-012,WK,自然中步幅·胸胯轻扭臂摆,自然步幅行走，前后脚清晰分离；胸腔与骨盆随步伐产生更明显反向旋转，强化动势。,TWIST,medium,3,时尚编辑|清冷,full_body|three_quarter,low,assets/pose-images/WK-012.webp
WK-013,WK,长步幅前行·上身纵向放松,加大前后步幅，形成更强纵向动势；上身保持自然竖直，肩臂随步伐轻摆。,VERTICAL,medium,3,清冷|优雅,full_body|three_quarter,low,assets/pose-images/WK-013.webp
WK-014,WK,长步幅前行·胸胯轻扭臂摆,加大前后步幅，形成更强纵向动势；胸腔与骨盆随步伐产生更明显反向旋转，强化动势。,TWIST,medium,3,时尚编辑|清冷,full_body|three_quarter,low,assets/pose-images/WK-014.webp
WK-015,WK,短碎步·上身纵向放松,较小步幅连续前行，身体保持轻盈；上身保持自然竖直，肩臂随步伐轻摆。,VERTICAL,easy,2,清冷|优雅,full_body|three_quarter,low,assets/pose-images/WK-015.webp
WK-016,WK,短碎步·胸胯轻扭臂摆,较小步幅连续前行，身体保持轻盈；胸腔与骨盆随步伐产生更明显反向旋转，强化动势。,TWIST,medium,3,时尚编辑|清冷,full_body|three_quarter,low,assets/pose-images/WK-016.webp
WK-017,WK,交叉步·上身纵向放松,前脚跨过身体中线，形成时装式交叉行走；上身保持自然竖直，肩臂随步伐轻摆。,VERTICAL,medium,3,清冷|优雅,full_body|three_quarter,low,assets/pose-images/WK-017.webp
WK-018,WK,交叉步·胸胯轻扭臂摆,前脚跨过身体中线，形成时装式交叉行走；胸腔与骨盆随步伐产生更明显反向旋转，强化动势。,TWIST,medium,3,时尚编辑|清冷,full_body|three_quarter,low,assets/pose-images/WK-018.webp
WK-019,WK,侧移步·上身纵向放松,身体沿横向移动，双脚依次侧向换位；上身保持自然竖直，肩臂随步伐轻摆。,VERTICAL,medium,3,清冷|优雅,full_body|three_quarter,low,assets/pose-images/WK-019.webp
WK-020,WK,侧移步·胸胯轻扭臂摆,身体沿横向移动，双脚依次侧向换位；胸腔与骨盆随步伐产生更明显反向旋转，强化动势。,TWIST,medium,3,时尚编辑|清冷,full_body|three_quarter,low,assets/pose-images/WK-020.webp
WK-021,WK,回身步·上身纵向放松,行走中身体开始回身，步伐与上身方向产生差异；上身保持自然竖直，肩臂随步伐轻摆。,VERTICAL,medium,3,清冷|优雅,full_body|three_quarter,low,assets/pose-images/WK-021.webp
WK-022,WK,回身步·胸胯轻扭臂摆,行走中身体开始回身，步伐与上身方向产生差异；胸腔与骨盆随步伐产生更明显反向旋转，强化动势。,TWIST,medium,3,时尚编辑|清冷,full_body|three_quarter,low,assets/pose-images/WK-022.webp
WK-023,WK,半转步·上身纵向放松,一步完成过程中身体旋转约四分之一到半圈；上身保持自然竖直，肩臂随步伐轻摆。,VERTICAL,medium,4,清冷|优雅,full_body|three_quarter,low,assets/pose-images/WK-023.webp
WK-024,WK,半转步·胸胯轻扭臂摆,一步完成过程中身体旋转约四分之一到半圈；胸腔与骨盆随步伐产生更明显反向旋转，强化动势。,TWIST,medium,4,时尚编辑|清冷,full_body|three_quarter,low,assets/pose-images/WK-024.webp
WK-025,WK,脚尖先行轻步·上身纵向放松,前脚以脚尖/前脚掌轻触，形成轻盈步态；上身保持自然竖直，肩臂随步伐轻摆。,VERTICAL,easy,2,清冷|优雅,full_body|three_quarter,low,assets/pose-images/WK-025.webp
WK-026,WK,脚尖先行轻步·胸胯轻扭臂摆,前脚以脚尖/前脚掌轻触，形成轻盈步态；胸腔与骨盆随步伐产生更明显反向旋转，强化动势。,TWIST,medium,3,时尚编辑|清冷,full_body|three_quarter,low,assets/pose-images/WK-026.webp
WK-027,WK,后脚拖步·上身纵向放松,前脚已承重，后脚保持延迟离地形成拖尾线；上身保持自然竖直，肩臂随步伐轻摆。,VERTICAL,easy,2,清冷|优雅,full_body|three_quarter,low,assets/pose-images/WK-027.webp
WK-028,WK,后脚拖步·胸胯轻扭臂摆,前脚已承重，后脚保持延迟离地形成拖尾线；胸腔与骨盆随步伐产生更明显反向旋转，强化动势。,TWIST,medium,3,时尚编辑|清冷,full_body|three_quarter,low,assets/pose-images/WK-028.webp
WK-029,WK,快步急停·上身纵向放松,快速行走后突然停止，腿部保持前后张力；上身保持自然竖直，肩臂随步伐轻摆。,VERTICAL,medium,4,清冷|优雅,full_body|three_quarter,low,assets/pose-images/WK-029.webp
WK-030,WK,快步急停·胸胯轻扭臂摆,快速行走后突然停止，腿部保持前后张力；胸腔与骨盆随步伐产生更明显反向旋转，强化动势。,TWIST,medium,4,时尚编辑|清冷,full_body|three_quarter,low,assets/pose-images/WK-030.webp
WK-031,WK,走向镜头·上身纵向放松,沿镜头轴线前行，前后腿产生明显透视层次；上身保持自然竖直，肩臂随步伐轻摆。,VERTICAL,medium,3,清冷|优雅,full_body|three_quarter,low,assets/pose-images/WK-031.webp
WK-032,WK,走向镜头·胸胯轻扭臂摆,沿镜头轴线前行，前后腿产生明显透视层次；胸腔与骨盆随步伐产生更明显反向旋转，强化动势。,TWIST,medium,3,时尚编辑|清冷,full_body|three_quarter,low,assets/pose-images/WK-032.webp
MV-001,MV,原地旋转,以一脚为轴或小步旋转，躯干与手臂产生离心感,TWIST,medium,3,活泼|戏剧化,full_body,medium,assets/pose-images/MV-001.webp
MV-002,MV,小幅跳起,双脚或单脚短暂离地，保持可控的轻跳,OPEN,hard,4,活泼|运动感,full_body,medium,assets/pose-images/MV-002.webp
MV-003,MV,跨步腾跃,一脚蹬地向前跨出，身体形成大对角线,DIAGONAL,hard,4,运动感|戏剧化,full_body,medium,assets/pose-images/MV-003.webp
MV-004,MV,踏步急停转体,迈步后突然停下并让胸腔继续旋转,TWIST,medium,3,时尚编辑|戏剧化,full_body,medium,assets/pose-images/MV-004.webp
MV-005,MV,弓步大幅前伸,身体进入弓步，同时上肢向前或斜前方延伸,FORWARD,hard,4,力量感|戏剧化,full_body,high,assets/pose-images/MV-005.webp
MV-006,MV,大臂横扫,身体稳定或移动中，手臂横向扫过形成运动轨迹,HORIZONTAL,medium,3,戏剧化|时尚编辑,full_body,medium,assets/pose-images/MV-006.webp
MV-007,MV,动态后弓,动作过程中胸腔快速打开并形成后弓,ARCH,hard,4,戏剧化|时尚编辑,full_body,medium,assets/pose-images/MV-007.webp
MV-008,MV,起跑前倾,身体明显前倾，一脚在前一脚在后，像启动瞬间,DIAGONAL,medium,3,运动感|力量感,full_body,medium,assets/pose-images/MV-008.webp
MV-009,MV,轻快跳步,一步一跳或单脚轻点，重心有明显上浮,ASYMMETRIC,medium,3,活泼|自然,full_body,medium,assets/pose-images/MV-009.webp
MV-010,MV,身体摆荡,骨盆与胸腔向相反方向连续摆动,S_CURVE,medium,3,活泼|时尚编辑,full_body,medium,assets/pose-images/MV-010.webp
MV-011,MV,躯干快速侧甩,下肢稳定，躯干向一侧快速偏移形成瞬时对角,DIAGONAL,hard,4,戏剧化|时尚编辑,full_body,medium,assets/pose-images/MV-011.webp
MV-012,MV,由地面起身,从低位或地面向上起身，在重心迁移中定格,DIAGONAL,hard,4,力量感|时尚编辑,full_body,medium,assets/pose-images/MV-012.webp
MV-013,MV,下沉到低蹲,从站姿快速下降到低蹲，中途定格,COMPACT,hard,4,运动感|戏剧化,full_body,medium,assets/pose-images/MV-013.webp
MV-014,MV,转身同时延展,身体旋转同时一侧手臂向外拉开,TWIST,medium,3,戏剧化|优雅,full_body,medium,assets/pose-images/MV-014.webp
MV-015,MV,冲镜前伸,身体向镜头靠近并单臂前伸，夸张前后尺度,FORWARD,hard,4,戏剧化|活泼,full_body,high,assets/pose-images/MV-015.webp
MV-016,MV,原地转身·开放延展,以脚下支点完成快速转身，衣摆/头发可形成滞后感；四肢与胸腔向外打开，形成大尺度开放轮廓。,OPEN,medium,4,力量感|时尚编辑,full_body|three_quarter,low,assets/pose-images/MV-016.webp
MV-017,MV,原地转身·对角冲刺,以脚下支点完成快速转身，衣摆/头发可形成滞后感；头、躯干与肢体沿主要运动方向形成强对角线。,DIAGONAL,hard,5,时尚编辑|力量感,full_body|three_quarter,medium,assets/pose-images/MV-017.webp
MV-018,MV,原地转身·螺旋扭转,以脚下支点完成快速转身，衣摆/头发可形成滞后感；骨盆与胸腔在动态中反向旋转，形成明显螺旋。,TWIST,hard,5,时尚编辑|清冷,full_body|three_quarter,low,assets/pose-images/MV-018.webp
MV-019,MV,半圈旋转·开放延展,身体完成更大幅度旋转，形成明显离心线条；四肢与胸腔向外打开，形成大尺度开放轮廓。,OPEN,hard,5,力量感|时尚编辑,full_body|three_quarter,low,assets/pose-images/MV-019.webp
MV-020,MV,半圈旋转·对角冲刺,身体完成更大幅度旋转，形成明显离心线条；头、躯干与肢体沿主要运动方向形成强对角线。,DIAGONAL,hard,5,时尚编辑|力量感,full_body|three_quarter,medium,assets/pose-images/MV-020.webp
MV-021,MV,半圈旋转·螺旋扭转,身体完成更大幅度旋转，形成明显离心线条；骨盆与胸腔在动态中反向旋转，形成明显螺旋。,TWIST,hard,5,时尚编辑|清冷,full_body|three_quarter,low,assets/pose-images/MV-021.webp
MV-022,MV,小跳落地·开放延展,轻跳后进入落地瞬间，双膝吸收冲击；四肢与胸腔向外打开，形成大尺度开放轮廓。,OPEN,medium,4,力量感|时尚编辑,full_body|three_quarter,low,assets/pose-images/MV-022.webp
MV-023,MV,小跳落地·对角冲刺,轻跳后进入落地瞬间，双膝吸收冲击；头、躯干与肢体沿主要运动方向形成强对角线。,DIAGONAL,hard,5,时尚编辑|力量感,full_body|three_quarter,medium,assets/pose-images/MV-023.webp
MV-024,MV,小跳落地·螺旋扭转,轻跳后进入落地瞬间，双膝吸收冲击；骨盆与胸腔在动态中反向旋转，形成明显螺旋。,TWIST,hard,5,时尚编辑|清冷,full_body|three_quarter,low,assets/pose-images/MV-024.webp
MV-025,MV,跨步跃起·开放延展,以前后跨步带动身体短暂腾空；四肢与胸腔向外打开，形成大尺度开放轮廓。,OPEN,hard,5,力量感|时尚编辑,full_body|three_quarter,low,assets/pose-images/MV-025.webp
MV-026,MV,跨步跃起·对角冲刺,以前后跨步带动身体短暂腾空；头、躯干与肢体沿主要运动方向形成强对角线。,DIAGONAL,hard,5,时尚编辑|力量感,full_body|three_quarter,medium,assets/pose-images/MV-026.webp
MV-027,MV,跨步跃起·螺旋扭转,以前后跨步带动身体短暂腾空；骨盆与胸腔在动态中反向旋转，形成明显螺旋。,TWIST,hard,5,时尚编辑|清冷,full_body|three_quarter,low,assets/pose-images/MV-027.webp
MV-028,MV,侧向跨跃·开放延展,身体横向移动并短暂腾空，形成大横向线；四肢与胸腔向外打开，形成大尺度开放轮廓。,OPEN,hard,5,力量感|时尚编辑,full_body|three_quarter,low,assets/pose-images/MV-028.webp
MV-029,MV,侧向跨跃·对角冲刺,身体横向移动并短暂腾空，形成大横向线；头、躯干与肢体沿主要运动方向形成强对角线。,DIAGONAL,hard,5,时尚编辑|力量感,full_body|three_quarter,medium,assets/pose-images/MV-029.webp
MV-030,MV,侧向跨跃·螺旋扭转,身体横向移动并短暂腾空，形成大横向线；骨盆与胸腔在动态中反向旋转，形成明显螺旋。,TWIST,hard,5,时尚编辑|清冷,full_body|three_quarter,low,assets/pose-images/MV-030.webp
MV-031,MV,急停转体·开放延展,移动后急停，同时上身继续旋转形成惯性差；四肢与胸腔向外打开，形成大尺度开放轮廓。,OPEN,medium,4,力量感|时尚编辑,full_body|three_quarter,low,assets/pose-images/MV-031.webp
MV-032,MV,急停转体·对角冲刺,移动后急停，同时上身继续旋转形成惯性差；头、躯干与肢体沿主要运动方向形成强对角线。,DIAGONAL,hard,5,时尚编辑|力量感,full_body|three_quarter,medium,assets/pose-images/MV-032.webp
MV-033,MV,急停转体·螺旋扭转,移动后急停，同时上身继续旋转形成惯性差；骨盆与胸腔在动态中反向旋转，形成明显螺旋。,TWIST,hard,5,时尚编辑|清冷,full_body|three_quarter,low,assets/pose-images/MV-033.webp
MV-034,MV,深弓步推进·开放延展,进入深弓步并向前推进，腿部形成强烈前后线；四肢与胸腔向外打开，形成大尺度开放轮廓。,OPEN,medium,4,力量感|时尚编辑,full_body|three_quarter,low,assets/pose-images/MV-034.webp
MV-035,MV,深弓步推进·对角冲刺,进入深弓步并向前推进，腿部形成强烈前后线；头、躯干与肢体沿主要运动方向形成强对角线。,DIAGONAL,hard,5,时尚编辑|力量感,full_body|three_quarter,medium,assets/pose-images/MV-035.webp
MV-036,MV,深弓步推进·螺旋扭转,进入深弓步并向前推进，腿部形成强烈前后线；骨盆与胸腔在动态中反向旋转，形成明显螺旋。,TWIST,hard,5,时尚编辑|清冷,full_body|three_quarter,low,assets/pose-images/MV-036.webp
MV-037,MV,上身摆荡·开放延展,下盘稳定，上身从一侧摆向另一侧形成惯性；四肢与胸腔向外打开，形成大尺度开放轮廓。,OPEN,medium,4,力量感|时尚编辑,full_body|three_quarter,low,assets/pose-images/MV-037.webp
MV-038,MV,上身摆荡·对角冲刺,下盘稳定，上身从一侧摆向另一侧形成惯性；头、躯干与肢体沿主要运动方向形成强对角线。,DIAGONAL,hard,5,时尚编辑|力量感,full_body|three_quarter,medium,assets/pose-images/MV-038.webp
MV-039,MV,上身摆荡·螺旋扭转,下盘稳定，上身从一侧摆向另一侧形成惯性；骨盆与胸腔在动态中反向旋转，形成明显螺旋。,TWIST,hard,5,时尚编辑|清冷,full_body|three_quarter,low,assets/pose-images/MV-039.webp
MV-040,MV,后仰甩臂·开放延展,身体向后打开同时手臂快速向后/侧甩出；四肢与胸腔向外打开，形成大尺度开放轮廓。,OPEN,hard,5,力量感|时尚编辑,full_body|three_quarter,low,assets/pose-images/MV-040.webp
MV-041,MV,后仰甩臂·对角冲刺,身体向后打开同时手臂快速向后/侧甩出；头、躯干与肢体沿主要运动方向形成强对角线。,DIAGONAL,hard,5,时尚编辑|力量感,full_body|three_quarter,medium,assets/pose-images/MV-041.webp
MV-042,MV,后仰甩臂·螺旋扭转,身体向后打开同时手臂快速向后/侧甩出；骨盆与胸腔在动态中反向旋转，形成明显螺旋。,TWIST,hard,5,时尚编辑|清冷,full_body|three_quarter,low,assets/pose-images/MV-042.webp
MV-043,MV,起身瞬间·开放延展,从低位向站立位起身，捕捉重心上移过程；四肢与胸腔向外打开，形成大尺度开放轮廓。,OPEN,medium,4,力量感|时尚编辑,full_body|three_quarter,low,assets/pose-images/MV-043.webp
MV-044,MV,起身瞬间·对角冲刺,从低位向站立位起身，捕捉重心上移过程；头、躯干与肢体沿主要运动方向形成强对角线。,DIAGONAL,hard,5,时尚编辑|力量感,full_body|three_quarter,medium,assets/pose-images/MV-044.webp
MV-045,MV,起身瞬间·螺旋扭转,从低位向站立位起身，捕捉重心上移过程；骨盆与胸腔在动态中反向旋转，形成明显螺旋。,TWIST,hard,5,时尚编辑|清冷,full_body|three_quarter,low,assets/pose-images/MV-045.webp
MV-046,MV,下沉瞬间·开放延展,从高位快速下沉到低位，捕捉重心下降过程；四肢与胸腔向外打开，形成大尺度开放轮廓。,OPEN,medium,4,力量感|时尚编辑,full_body|three_quarter,low,assets/pose-images/MV-046.webp
MV-047,MV,下沉瞬间·对角冲刺,从高位快速下沉到低位，捕捉重心下降过程；头、躯干与肢体沿主要运动方向形成强对角线。,DIAGONAL,hard,5,时尚编辑|力量感,full_body|three_quarter,medium,assets/pose-images/MV-047.webp
MV-048,MV,下沉瞬间·螺旋扭转,从高位快速下沉到低位，捕捉重心下降过程；骨盆与胸腔在动态中反向旋转，形成明显螺旋。,TWIST,hard,5,时尚编辑|清冷,full_body|three_quarter,low,assets/pose-images/MV-048.webp
