pose_id,page_id,category,category_page,title,page_image_path,page_image_png_path,pose_index_in_page,short_name
ST-001,PAGE-01,ST,1,POSE ATLAS · STANDING · 01,assets/contact-sheets/ST-01.webp,assets/contact-sheets-png/PAGE-01_ST-01_ST-001_to_ST-016.webp,1,单腿承重S线
ST-002,PAGE-01,ST,1,POSE ATLAS · STANDING · 01,assets/contact-sheets/ST-01.webp,assets/contact-sheets-png/PAGE-01_ST-01_ST-001_to_ST-016.webp,2,脚踝交叉松弛站
ST-003,PAGE-01,ST,1,POSE ATLAS · STANDING · 01,assets/contact-sheets/ST-01.webp,assets/contact-sheets-png/PAGE-01_ST-01_ST-001_to_ST-016.webp,3,宽距力量站
ST-004,PAGE-01,ST,1,POSE ATLAS · STANDING · 01,assets/contact-sheets/ST-01.webp,assets/contact-sheets-png/PAGE-01_ST-01_ST-001_to_ST-016.webp,4,前后脚错位扭转
ST-005,PAGE-01,ST,1,POSE ATLAS · STANDING · 01,assets/contact-sheets/ST-01.webp,assets/contact-sheets-png/PAGE-01_ST-01_ST-001_to_ST-016.webp,5,古典Contrapposto
ST-006,PAGE-01,ST,1,POSE ATLAS · STANDING · 01,assets/contact-sheets/ST-01.webp,assets/contact-sheets-png/PAGE-01_ST-01_ST-001_to_ST-016.webp,6,侧推胯单臂过头
ST-007,PAGE-01,ST,1,POSE ATLAS · STANDING · 01,assets/contact-sheets/ST-01.webp,assets/contact-sheets-png/PAGE-01_ST-01_ST-001_to_ST-016.webp,7,窄站垂直拉长
ST-008,PAGE-01,ST,1,POSE ATLAS · STANDING · 01,assets/contact-sheets/ST-01.webp,assets/contact-sheets-png/PAGE-01_ST-01_ST-001_to_ST-016.webp,8,肩部引导对角线
ST-009,PAGE-01,ST,1,POSE ATLAS · STANDING · 01,assets/contact-sheets/ST-01.webp,assets/contact-sheets-png/PAGE-01_ST-01_ST-001_to_ST-016.webp,9,站姿后弓开胸
ST-010,PAGE-01,ST,1,POSE ATLAS · STANDING · 01,assets/contact-sheets/ST-01.webp,assets/contact-sheets-png/PAGE-01_ST-01_ST-001_to_ST-016.webp,10,侧弯上举延展
ST-011,PAGE-01,ST,1,POSE ATLAS · STANDING · 01,assets/contact-sheets/ST-01.webp,assets/contact-sheets-png/PAGE-01_ST-01_ST-001_to_ST-016.webp,11,前倾扶腿
ST-012,PAGE-01,ST,1,POSE ATLAS · STANDING · 01,assets/contact-sheets/ST-01.webp,assets/contact-sheets-png/PAGE-01_ST-01_ST-001_to_ST-016.webp,12,单膝内扣时装站
ST-013,PAGE-01,ST,1,POSE ATLAS · STANDING · 01,assets/contact-sheets/ST-01.webp,assets/contact-sheets-png/PAGE-01_ST-01_ST-001_to_ST-016.webp,13,脚尖前点
ST-014,PAGE-01,ST,1,POSE ATLAS · STANDING · 01,assets/contact-sheets/ST-01.webp,assets/contact-sheets-png/PAGE-01_ST-01_ST-001_to_ST-016.webp,14,脚尖侧点
ST-015,PAGE-01,ST,1,POSE ATLAS · STANDING · 01,assets/contact-sheets/ST-01.webp,assets/contact-sheets-png/PAGE-01_ST-01_ST-001_to_ST-016.webp,15,单侧提踵
ST-016,PAGE-01,ST,1,POSE ATLAS · STANDING · 01,assets/contact-sheets/ST-01.webp,assets/contact-sheets-png/PAGE-01_ST-01_ST-001_to_ST-016.webp,16,高位交叉腿站
ST-017,PAGE-02,ST,2,POSE ATLAS · STANDING · 02,assets/contact-sheets/ST-02.webp,assets/contact-sheets-png/PAGE-02_ST-02_ST-017_to_ST-032.webp,1,无墙假倚靠
ST-018,PAGE-02,ST,2,POSE ATLAS · STANDING · 02,assets/contact-sheets/ST-02.webp,assets/contact-sheets-png/PAGE-02_ST-02_ST-017_to_ST-032.webp,2,胸胯螺旋
ST-019,PAGE-02,ST,2,POSE ATLAS · STANDING · 02,assets/contact-sheets/ST-02.webp,assets/contact-sheets-png/PAGE-02_ST-02_ST-017_to_ST-032.webp,3,仰头胸腔打开
ST-020,PAGE-02,ST,2,POSE ATLAS · STANDING · 02,assets/contact-sheets/ST-02.webp,assets/contact-sheets-png/PAGE-02_ST-02_ST-017_to_ST-032.webp,4,手后脑侧弧
ST-021,PAGE-02,ST,2,POSE ATLAS · STANDING · 02,assets/contact-sheets/ST-02.webp,assets/contact-sheets-png/PAGE-02_ST-02_ST-017_to_ST-032.webp,5,双臂过头椭圆
ST-022,PAGE-02,ST,2,POSE ATLAS · STANDING · 02,assets/contact-sheets/ST-02.webp,assets/contact-sheets-png/PAGE-02_ST-02_ST-017_to_ST-032.webp,6,横臂收拢站
ST-023,PAGE-02,ST,2,POSE ATLAS · STANDING · 02,assets/contact-sheets/ST-02.webp,assets/contact-sheets-png/PAGE-02_ST-02_ST-017_to_ST-032.webp,7,向镜头单臂前伸
ST-024,PAGE-02,ST,2,POSE ATLAS · STANDING · 02,assets/contact-sheets/ST-02.webp,assets/contact-sheets-png/PAGE-02_ST-02_ST-017_to_ST-032.webp,8,侧向大延展
ST-025,PAGE-02,ST,2,POSE ATLAS · STANDING · 02,assets/contact-sheets/ST-02.webp,assets/contact-sheets-png/PAGE-02_ST-02_ST-017_to_ST-032.webp,9,背身回头站
ST-026,PAGE-02,ST,2,POSE ATLAS · STANDING · 02,assets/contact-sheets/ST-02.webp,assets/contact-sheets-png/PAGE-02_ST-02_ST-017_to_ST-032.webp,10,三分之二背身推胯
ST-027,PAGE-02,ST,2,POSE ATLAS · STANDING · 02,assets/contact-sheets/ST-02.webp,assets/contact-sheets-png/PAGE-02_ST-02_ST-017_to_ST-032.webp,11,双手扶腰角度站
ST-028,PAGE-02,ST,2,POSE ATLAS · STANDING · 02,assets/contact-sheets/ST-02.webp,assets/contact-sheets-png/PAGE-02_ST-02_ST-017_to_ST-032.webp,12,抱臂收拢站
ST-029,PAGE-02,ST,2,POSE ATLAS · STANDING · 02,assets/contact-sheets/ST-02.webp,assets/contact-sheets-png/PAGE-02_ST-02_ST-017_to_ST-032.webp,13,落肩不对称站
ST-030,PAGE-02,ST,2,POSE ATLAS · STANDING · 02,assets/contact-sheets/ST-02.webp,assets/contact-sheets-png/PAGE-02_ST-02_ST-017_to_ST-032.webp,14,低位髋折前倾
ST-031,PAGE-02,ST,2,POSE ATLAS · STANDING · 02,assets/contact-sheets/ST-02.webp,assets/contact-sheets-png/PAGE-02_ST-02_ST-017_to_ST-032.webp,15,侧步定格
ST-032,PAGE-02,ST,2,POSE ATLAS · STANDING · 02,assets/contact-sheets/ST-02.webp,assets/contact-sheets-png/PAGE-02_ST-02_ST-017_to_ST-032.webp,16,窄距跟尖错位
ST-033,PAGE-03,ST,3,POSE ATLAS · STANDING · 03,assets/contact-sheets/ST-03.webp,assets/contact-sheets-png/PAGE-03_ST-03_ST-033_to_ST-048.webp,1,秀场停步
ST-034,PAGE-03,ST,3,POSE ATLAS · STANDING · 03,assets/contact-sheets/ST-03.webp,assets/contact-sheets-png/PAGE-03_ST-03_ST-033_to_ST-048.webp,2,单腿后屈
ST-035,PAGE-03,ST,3,POSE ATLAS · STANDING · 03,assets/contact-sheets/ST-03.webp,assets/contact-sheets-png/PAGE-03_ST-03_ST-033_to_ST-048.webp,3,胸胯反向侧移
ST-036,PAGE-03,ST,3,POSE ATLAS · STANDING · 03,assets/contact-sheets/ST-03.webp,assets/contact-sheets-png/PAGE-03_ST-03_ST-033_to_ST-048.webp,4,单腿后点支撑·胸胯反向S线
ST-037,PAGE-03,ST,3,POSE ATLAS · STANDING · 03,assets/contact-sheets/ST-03.webp,assets/contact-sheets-png/PAGE-03_ST-03_ST-033_to_ST-048.webp,5,单腿后点支撑·肩线下压对角
ST-038,PAGE-03,ST,3,POSE ATLAS · STANDING · 03,assets/contact-sheets/ST-03.webp,assets/contact-sheets-png/PAGE-03_ST-03_ST-033_to_ST-048.webp,6,单腿后点支撑·侧弯连续弧
ST-039,PAGE-03,ST,3,POSE ATLAS · STANDING · 03,assets/contact-sheets/ST-03.webp,assets/contact-sheets-png/PAGE-03_ST-03_ST-033_to_ST-048.webp,7,单腿后点支撑·胸腔上提后弓
ST-040,PAGE-03,ST,3,POSE ATLAS · STANDING · 03,assets/contact-sheets/ST-03.webp,assets/contact-sheets-png/PAGE-03_ST-03_ST-033_to_ST-048.webp,8,单腿后点支撑·髋折前倾
ST-041,PAGE-03,ST,3,POSE ATLAS · STANDING · 03,assets/contact-sheets/ST-03.webp,assets/contact-sheets-png/PAGE-03_ST-03_ST-033_to_ST-048.webp,9,单腿后点支撑·胸胯螺旋扭转
ST-042,PAGE-03,ST,3,POSE ATLAS · STANDING · 03,assets/contact-sheets/ST-03.webp,assets/contact-sheets-png/PAGE-03_ST-03_ST-033_to_ST-048.webp,10,单腿后点支撑·纵向拔高非对称
ST-043,PAGE-03,ST,3,POSE ATLAS · STANDING · 03,assets/contact-sheets/ST-03.webp,assets/contact-sheets-png/PAGE-03_ST-03_ST-033_to_ST-048.webp,11,单腿侧点支撑·胸胯反向S线
ST-044,PAGE-03,ST,3,POSE ATLAS · STANDING · 03,assets/contact-sheets/ST-03.webp,assets/contact-sheets-png/PAGE-03_ST-03_ST-033_to_ST-048.webp,12,单腿侧点支撑·肩线下压对角
ST-045,PAGE-03,ST,3,POSE ATLAS · STANDING · 03,assets/contact-sheets/ST-03.webp,assets/contact-sheets-png/PAGE-03_ST-03_ST-033_to_ST-048.webp,13,单腿侧点支撑·侧弯连续弧
ST-046,PAGE-03,ST,3,POSE ATLAS · STANDING · 03,assets/contact-sheets/ST-03.webp,assets/contact-sheets-png/PAGE-03_ST-03_ST-033_to_ST-048.webp,14,单腿侧点支撑·胸腔上提后弓
ST-047,PAGE-03,ST,3,POSE ATLAS · STANDING · 03,assets/contact-sheets/ST-03.webp,assets/contact-sheets-png/PAGE-03_ST-03_ST-033_to_ST-048.webp,15,单腿侧点支撑·髋折前倾
ST-048,PAGE-03,ST,3,POSE ATLAS · STANDING · 03,assets/contact-sheets/ST-03.webp,assets/contact-sheets-png/PAGE-03_ST-03_ST-033_to_ST-048.webp,16,单腿侧点支撑·胸胯螺旋扭转
ST-049,PAGE-04,ST,4,POSE ATLAS · STANDING · 04,assets/contact-sheets/ST-04.webp,assets/contact-sheets-png/PAGE-04_ST-04_ST-049_to_ST-064.webp,1,单腿侧点支撑·纵向拔高非对称
ST-050,PAGE-04,ST,4,POSE ATLAS · STANDING · 04,assets/contact-sheets/ST-04.webp,assets/contact-sheets-png/PAGE-04_ST-04_ST-049_to_ST-064.webp,2,前后宽错步·胸胯反向S线
ST-051,PAGE-04,ST,4,POSE ATLAS · STANDING · 04,assets/contact-sheets/ST-04.webp,assets/contact-sheets-png/PAGE-04_ST-04_ST-049_to_ST-064.webp,3,前后宽错步·肩线下压对角
ST-052,PAGE-04,ST,4,POSE ATLAS · STANDING · 04,assets/contact-sheets/ST-04.webp,assets/contact-sheets-png/PAGE-04_ST-04_ST-049_to_ST-064.webp,4,前后宽错步·侧弯连续弧
ST-053,PAGE-04,ST,4,POSE ATLAS · STANDING · 04,assets/contact-sheets/ST-04.webp,assets/contact-sheets-png/PAGE-04_ST-04_ST-049_to_ST-064.webp,5,前后宽错步·胸腔上提后弓
ST-054,PAGE-04,ST,4,POSE ATLAS · STANDING · 04,assets/contact-sheets/ST-04.webp,assets/contact-sheets-png/PAGE-04_ST-04_ST-049_to_ST-064.webp,6,前后宽错步·髋折前倾
ST-055,PAGE-04,ST,4,POSE ATLAS · STANDING · 04,assets/contact-sheets/ST-04.webp,assets/contact-sheets-png/PAGE-04_ST-04_ST-049_to_ST-064.webp,7,前后宽错步·胸胯螺旋扭转
ST-056,PAGE-04,ST,4,POSE ATLAS · STANDING · 04,assets/contact-sheets/ST-04.webp,assets/contact-sheets-png/PAGE-04_ST-04_ST-049_to_ST-064.webp,8,前后宽错步·纵向拔高非对称
ST-057,PAGE-04,ST,4,POSE ATLAS · STANDING · 04,assets/contact-sheets/ST-04.webp,assets/contact-sheets-png/PAGE-04_ST-04_ST-049_to_ST-064.webp,9,窄距前后错步·胸胯反向S线
ST-058,PAGE-04,ST,4,POSE ATLAS · STANDING · 04,assets/contact-sheets/ST-04.webp,assets/contact-sheets-png/PAGE-04_ST-04_ST-049_to_ST-064.webp,10,窄距前后错步·肩线下压对角
ST-059,PAGE-04,ST,4,POSE ATLAS · STANDING · 04,assets/contact-sheets/ST-04.webp,assets/contact-sheets-png/PAGE-04_ST-04_ST-049_to_ST-064.webp,11,窄距前后错步·侧弯连续弧
ST-060,PAGE-04,ST,4,POSE ATLAS · STANDING · 04,assets/contact-sheets/ST-04.webp,assets/contact-sheets-png/PAGE-04_ST-04_ST-049_to_ST-064.webp,12,窄距前后错步·胸腔上提后弓
ST-061,PAGE-04,ST,4,POSE ATLAS · STANDING · 04,assets/contact-sheets/ST-04.webp,assets/contact-sheets-png/PAGE-04_ST-04_ST-049_to_ST-064.webp,13,窄距前后错步·髋折前倾
ST-062,PAGE-04,ST,4,POSE ATLAS · STANDING · 04,assets/contact-sheets/ST-04.webp,assets/contact-sheets-png/PAGE-04_ST-04_ST-049_to_ST-064.webp,14,窄距前后错步·胸胯螺旋扭转
ST-063,PAGE-04,ST,4,POSE ATLAS · STANDING · 04,assets/contact-sheets/ST-04.webp,assets/contact-sheets-png/PAGE-04_ST-04_ST-049_to_ST-064.webp,15,窄距前后错步·纵向拔高非对称
ST-064,PAGE-04,ST,4,POSE ATLAS · STANDING · 04,assets/contact-sheets/ST-04.webp,assets/contact-sheets-png/PAGE-04_ST-04_ST-049_to_ST-064.webp,16,外开宽站·胸胯反向S线
ST-065,PAGE-05,ST,5,POSE ATLAS · STANDING · 05,assets/contact-sheets/ST-05.webp,assets/contact-sheets-png/PAGE-05_ST-05_ST-065_to_ST-080.webp,1,外开宽站·肩线下压对角
ST-066,PAGE-05,ST,5,POSE ATLAS · STANDING · 05,assets/contact-sheets/ST-05.webp,assets/contact-sheets-png/PAGE-05_ST-05_ST-065_to_ST-080.webp,2,外开宽站·侧弯连续弧
ST-067,PAGE-05,ST,5,POSE ATLAS · STANDING · 05,assets/contact-sheets/ST-05.webp,assets/contact-sheets-png/PAGE-05_ST-05_ST-065_to_ST-080.webp,3,外开宽站·胸腔上提后弓
ST-068,PAGE-05,ST,5,POSE ATLAS · STANDING · 05,assets/contact-sheets/ST-05.webp,assets/contact-sheets-png/PAGE-05_ST-05_ST-065_to_ST-080.webp,4,外开宽站·髋折前倾
ST-069,PAGE-05,ST,5,POSE ATLAS · STANDING · 05,assets/contact-sheets/ST-05.webp,assets/contact-sheets-png/PAGE-05_ST-05_ST-065_to_ST-080.webp,5,外开宽站·胸胯螺旋扭转
ST-070,PAGE-05,ST,5,POSE ATLAS · STANDING · 05,assets/contact-sheets/ST-05.webp,assets/contact-sheets-png/PAGE-05_ST-05_ST-065_to_ST-080.webp,6,外开宽站·纵向拔高非对称
ST-071,PAGE-05,ST,5,POSE ATLAS · STANDING · 05,assets/contact-sheets/ST-05.webp,assets/contact-sheets-png/PAGE-05_ST-05_ST-065_to_ST-080.webp,7,内收窄站·胸胯反向S线
ST-072,PAGE-05,ST,5,POSE ATLAS · STANDING · 05,assets/contact-sheets/ST-05.webp,assets/contact-sheets-png/PAGE-05_ST-05_ST-065_to_ST-080.webp,8,内收窄站·肩线下压对角
ST-073,PAGE-05,ST,5,POSE ATLAS · STANDING · 05,assets/contact-sheets/ST-05.webp,assets/contact-sheets-png/PAGE-05_ST-05_ST-065_to_ST-080.webp,9,内收窄站·侧弯连续弧
ST-074,PAGE-05,ST,5,POSE ATLAS · STANDING · 05,assets/contact-sheets/ST-05.webp,assets/contact-sheets-png/PAGE-05_ST-05_ST-065_to_ST-080.webp,10,内收窄站·胸腔上提后弓
ST-075,PAGE-05,ST,5,POSE ATLAS · STANDING · 05,assets/contact-sheets/ST-05.webp,assets/contact-sheets-png/PAGE-05_ST-05_ST-065_to_ST-080.webp,11,内收窄站·髋折前倾
ST-076,PAGE-05,ST,5,POSE ATLAS · STANDING · 05,assets/contact-sheets/ST-05.webp,assets/contact-sheets-png/PAGE-05_ST-05_ST-065_to_ST-080.webp,12,内收窄站·胸胯螺旋扭转
ST-077,PAGE-05,ST,5,POSE ATLAS · STANDING · 05,assets/contact-sheets/ST-05.webp,assets/contact-sheets-png/PAGE-05_ST-05_ST-065_to_ST-080.webp,13,内收窄站·纵向拔高非对称
ST-078,PAGE-05,ST,5,POSE ATLAS · STANDING · 05,assets/contact-sheets/ST-05.webp,assets/contact-sheets-png/PAGE-05_ST-05_ST-065_to_ST-080.webp,14,脚尖外展错位·胸胯反向S线
ST-079,PAGE-05,ST,5,POSE ATLAS · STANDING · 05,assets/contact-sheets/ST-05.webp,assets/contact-sheets-png/PAGE-05_ST-05_ST-065_to_ST-080.webp,15,脚尖外展错位·肩线下压对角
ST-080,PAGE-05,ST,5,POSE ATLAS · STANDING · 05,assets/contact-sheets/ST-05.webp,assets/contact-sheets-png/PAGE-05_ST-05_ST-065_to_ST-080.webp,16,脚尖外展错位·侧弯连续弧
ST-081,PAGE-06,ST,6,POSE ATLAS · STANDING · 06,assets/contact-sheets/ST-06.webp,assets/contact-sheets-png/PAGE-06_ST-06_ST-081_to_ST-096.webp,1,脚尖外展错位·胸腔上提后弓
ST-082,PAGE-06,ST,6,POSE ATLAS · STANDING · 06,assets/contact-sheets/ST-06.webp,assets/contact-sheets-png/PAGE-06_ST-06_ST-081_to_ST-096.webp,2,脚尖外展错位·髋折前倾
ST-083,PAGE-06,ST,6,POSE ATLAS · STANDING · 06,assets/contact-sheets/ST-06.webp,assets/contact-sheets-png/PAGE-06_ST-06_ST-081_to_ST-096.webp,3,脚尖外展错位·胸胯螺旋扭转
ST-084,PAGE-06,ST,6,POSE ATLAS · STANDING · 06,assets/contact-sheets/ST-06.webp,assets/contact-sheets-png/PAGE-06_ST-06_ST-081_to_ST-096.webp,4,脚尖外展错位·纵向拔高非对称
ST-085,PAGE-06,ST,6,POSE ATLAS · STANDING · 06,assets/contact-sheets/ST-06.webp,assets/contact-sheets-png/PAGE-06_ST-06_ST-081_to_ST-096.webp,5,双膝微屈站·胸胯反向S线
ST-086,PAGE-06,ST,6,POSE ATLAS · STANDING · 06,assets/contact-sheets/ST-06.webp,assets/contact-sheets-png/PAGE-06_ST-06_ST-081_to_ST-096.webp,6,双膝微屈站·肩线下压对角
ST-087,PAGE-06,ST,6,POSE ATLAS · STANDING · 06,assets/contact-sheets/ST-06.webp,assets/contact-sheets-png/PAGE-06_ST-06_ST-081_to_ST-096.webp,7,双膝微屈站·侧弯连续弧
ST-088,PAGE-06,ST,6,POSE ATLAS · STANDING · 06,assets/contact-sheets/ST-06.webp,assets/contact-sheets-png/PAGE-06_ST-06_ST-081_to_ST-096.webp,8,双膝微屈站·胸腔上提后弓
ST-089,PAGE-06,ST,6,POSE ATLAS · STANDING · 06,assets/contact-sheets/ST-06.webp,assets/contact-sheets-png/PAGE-06_ST-06_ST-081_to_ST-096.webp,9,双膝微屈站·髋折前倾
ST-090,PAGE-06,ST,6,POSE ATLAS · STANDING · 06,assets/contact-sheets/ST-06.webp,assets/contact-sheets-png/PAGE-06_ST-06_ST-081_to_ST-096.webp,10,双膝微屈站·胸胯螺旋扭转
ST-091,PAGE-06,ST,6,POSE ATLAS · STANDING · 06,assets/contact-sheets/ST-06.webp,assets/contact-sheets-png/PAGE-06_ST-06_ST-081_to_ST-096.webp,11,双膝微屈站·纵向拔高非对称
ST-092,PAGE-06,ST,6,POSE ATLAS · STANDING · 06,assets/contact-sheets/ST-06.webp,assets/contact-sheets-png/PAGE-06_ST-06_ST-081_to_ST-096.webp,12,单腿轻抬平衡·胸胯反向S线
ST-093,PAGE-06,ST,6,POSE ATLAS · STANDING · 06,assets/contact-sheets/ST-06.webp,assets/contact-sheets-png/PAGE-06_ST-06_ST-081_to_ST-096.webp,13,单腿轻抬平衡·肩线下压对角
ST-094,PAGE-06,ST,6,POSE ATLAS · STANDING · 06,assets/contact-sheets/ST-06.webp,assets/contact-sheets-png/PAGE-06_ST-06_ST-081_to_ST-096.webp,14,单腿轻抬平衡·侧弯连续弧
ST-095,PAGE-06,ST,6,POSE ATLAS · STANDING · 06,assets/contact-sheets/ST-06.webp,assets/contact-sheets-png/PAGE-06_ST-06_ST-081_to_ST-096.webp,15,单腿轻抬平衡·胸腔上提后弓
ST-096,PAGE-06,ST,6,POSE ATLAS · STANDING · 06,assets/contact-sheets/ST-06.webp,assets/contact-sheets-png/PAGE-06_ST-06_ST-081_to_ST-096.webp,16,单腿轻抬平衡·髋折前倾
ST-097,PAGE-07,ST,7,POSE ATLAS · STANDING · 07,assets/contact-sheets/ST-07.webp,assets/contact-sheets-png/PAGE-07_ST-07_ST-097_to_ST-112.webp,1,单腿轻抬平衡·胸胯螺旋扭转
ST-098,PAGE-07,ST,7,POSE ATLAS · STANDING · 07,assets/contact-sheets/ST-07.webp,assets/contact-sheets-png/PAGE-07_ST-07_ST-097_to_ST-112.webp,2,单腿轻抬平衡·纵向拔高非对称
ST-099,PAGE-07,ST,7,POSE ATLAS · STANDING · 07,assets/contact-sheets/ST-07.webp,assets/contact-sheets-png/PAGE-07_ST-07_ST-097_to_ST-112.webp,3,后腿跨中线点地·胸胯反向S线
ST-100,PAGE-07,ST,7,POSE ATLAS · STANDING · 07,assets/contact-sheets/ST-07.webp,assets/contact-sheets-png/PAGE-07_ST-07_ST-097_to_ST-112.webp,4,后腿跨中线点地·肩线下压对角
ST-101,PAGE-07,ST,7,POSE ATLAS · STANDING · 07,assets/contact-sheets/ST-07.webp,assets/contact-sheets-png/PAGE-07_ST-07_ST-097_to_ST-112.webp,5,后腿跨中线点地·侧弯连续弧
ST-102,PAGE-07,ST,7,POSE ATLAS · STANDING · 07,assets/contact-sheets/ST-07.webp,assets/contact-sheets-png/PAGE-07_ST-07_ST-097_to_ST-112.webp,6,后腿跨中线点地·胸腔上提后弓
ST-103,PAGE-07,ST,7,POSE ATLAS · STANDING · 07,assets/contact-sheets/ST-07.webp,assets/contact-sheets-png/PAGE-07_ST-07_ST-097_to_ST-112.webp,7,后腿跨中线点地·髋折前倾
ST-104,PAGE-07,ST,7,POSE ATLAS · STANDING · 07,assets/contact-sheets/ST-07.webp,assets/contact-sheets-png/PAGE-07_ST-07_ST-097_to_ST-112.webp,8,后腿跨中线点地·胸胯螺旋扭转
ST-105,PAGE-07,ST,7,POSE ATLAS · STANDING · 07,assets/contact-sheets/ST-07.webp,assets/contact-sheets-png/PAGE-07_ST-07_ST-097_to_ST-112.webp,9,后腿跨中线点地·纵向拔高非对称
ST-106,PAGE-07,ST,7,POSE ATLAS · STANDING · 07,assets/contact-sheets/ST-07.webp,assets/contact-sheets-png/PAGE-07_ST-07_ST-097_to_ST-112.webp,10,侧向弓步高位·胸胯反向S线
ST-107,PAGE-07,ST,7,POSE ATLAS · STANDING · 07,assets/contact-sheets/ST-07.webp,assets/contact-sheets-png/PAGE-07_ST-07_ST-097_to_ST-112.webp,11,侧向弓步高位·肩线下压对角
ST-108,PAGE-07,ST,7,POSE ATLAS · STANDING · 07,assets/contact-sheets/ST-07.webp,assets/contact-sheets-png/PAGE-07_ST-07_ST-097_to_ST-112.webp,12,侧向弓步高位·侧弯连续弧
ST-109,PAGE-07,ST,7,POSE ATLAS · STANDING · 07,assets/contact-sheets/ST-07.webp,assets/contact-sheets-png/PAGE-07_ST-07_ST-097_to_ST-112.webp,13,侧向弓步高位·胸腔上提后弓
ST-110,PAGE-07,ST,7,POSE ATLAS · STANDING · 07,assets/contact-sheets/ST-07.webp,assets/contact-sheets-png/PAGE-07_ST-07_ST-097_to_ST-112.webp,14,侧向弓步高位·髋折前倾
ST-111,PAGE-07,ST,7,POSE ATLAS · STANDING · 07,assets/contact-sheets/ST-07.webp,assets/contact-sheets-png/PAGE-07_ST-07_ST-097_to_ST-112.webp,15,侧向弓步高位·胸胯螺旋扭转
ST-112,PAGE-07,ST,7,POSE ATLAS · STANDING · 07,assets/contact-sheets/ST-07.webp,assets/contact-sheets-png/PAGE-07_ST-07_ST-097_to_ST-112.webp,16,侧向弓步高位·纵向拔高非对称
SI-001,PAGE-08,SI,1,POSE ATLAS · SITTING · 01,assets/contact-sheets/SI-01.webp,assets/contact-sheets-png/PAGE-08_SI-01_SI-001_to_SI-016.webp,1,椅边前坐
SI-002,PAGE-08,SI,1,POSE ATLAS · SITTING · 01,assets/contact-sheets/SI-01.webp,assets/contact-sheets-png/PAGE-08_SI-01_SI-001_to_SI-016.webp,2,侧坐并腿
SI-003,PAGE-08,SI,1,POSE ATLAS · SITTING · 01,assets/contact-sheets/SI-01.webp,assets/contact-sheets-png/PAGE-08_SI-01_SI-001_to_SI-016.webp,3,高位翘腿
SI-004,PAGE-08,SI,1,POSE ATLAS · SITTING · 01,assets/contact-sheets/SI-01.webp,assets/contact-sheets-png/PAGE-08_SI-01_SI-001_to_SI-016.webp,4,一膝抬高坐
SI-005,PAGE-08,SI,1,POSE ATLAS · SITTING · 01,assets/contact-sheets/SI-01.webp,assets/contact-sheets-png/PAGE-08_SI-01_SI-001_to_SI-016.webp,5,双膝错位坐
SI-006,PAGE-08,SI,1,POSE ATLAS · SITTING · 01,assets/contact-sheets/SI-01.webp,assets/contact-sheets-png/PAGE-08_SI-01_SI-001_to_SI-016.webp,6,前倾肘撑膝
SI-007,PAGE-08,SI,1,POSE ATLAS · SITTING · 01,assets/contact-sheets/SI-01.webp,assets/contact-sheets-png/PAGE-08_SI-01_SI-001_to_SI-016.webp,7,椅背反坐
SI-008,PAGE-08,SI,1,POSE ATLAS · SITTING · 01,assets/contact-sheets/SI-01.webp,assets/contact-sheets-png/PAGE-08_SI-01_SI-001_to_SI-016.webp,8,椅面后仰
SI-009,PAGE-08,SI,1,POSE ATLAS · SITTING · 01,assets/contact-sheets/SI-01.webp,assets/contact-sheets-png/PAGE-08_SI-01_SI-001_to_SI-016.webp,9,坐姿躯干扭转
SI-010,PAGE-08,SI,1,POSE ATLAS · SITTING · 01,assets/contact-sheets/SI-01.webp,assets/contact-sheets-png/PAGE-08_SI-01_SI-001_to_SI-016.webp,10,侧身轮廓坐
SI-011,PAGE-08,SI,1,POSE ATLAS · SITTING · 01,assets/contact-sheets/SI-01.webp,assets/contact-sheets-png/PAGE-08_SI-01_SI-001_to_SI-016.webp,11,一腿前伸坐
SI-012,PAGE-08,SI,1,POSE ATLAS · SITTING · 01,assets/contact-sheets/SI-01.webp,assets/contact-sheets-png/PAGE-08_SI-01_SI-001_to_SI-016.webp,12,踝部内收坐
SI-013,PAGE-08,SI,1,POSE ATLAS · SITTING · 01,assets/contact-sheets/SI-01.webp,assets/contact-sheets-png/PAGE-08_SI-01_SI-001_to_SI-016.webp,13,膝部打开坐
SI-014,PAGE-08,SI,1,POSE ATLAS · SITTING · 01,assets/contact-sheets/SI-01.webp,assets/contact-sheets-png/PAGE-08_SI-01_SI-001_to_SI-016.webp,14,高凳悬脚坐
SI-015,PAGE-08,SI,1,POSE ATLAS · SITTING · 01,assets/contact-sheets/SI-01.webp,assets/contact-sheets-png/PAGE-08_SI-01_SI-001_to_SI-016.webp,15,扶椅侧倾坐
SI-016,PAGE-08,SI,1,POSE ATLAS · SITTING · 01,assets/contact-sheets/SI-01.webp,assets/contact-sheets-png/PAGE-08_SI-01_SI-001_to_SI-016.webp,16,双腿同侧折叠坐
SI-017,PAGE-09,SI,2,POSE ATLAS · SITTING · 02,assets/contact-sheets/SI-02.webp,assets/contact-sheets-png/PAGE-09_SI-02_SI-017_to_SI-032.webp,1,椅上收拢坐
SI-018,PAGE-09,SI,2,POSE ATLAS · SITTING · 02,assets/contact-sheets/SI-02.webp,assets/contact-sheets-png/PAGE-09_SI-02_SI-017_to_SI-032.webp,2,椅上长线后靠
SI-019,PAGE-09,SI,2,POSE ATLAS · SITTING · 02,assets/contact-sheets/SI-02.webp,assets/contact-sheets-png/PAGE-09_SI-02_SI-017_to_SI-032.webp,3,坐姿肩胯错位
SI-020,PAGE-09,SI,2,POSE ATLAS · SITTING · 02,assets/contact-sheets/SI-02.webp,assets/contact-sheets-png/PAGE-09_SI-02_SI-017_to_SI-032.webp,4,坐姿单臂过头
SI-021,PAGE-09,SI,2,POSE ATLAS · SITTING · 02,assets/contact-sheets/SI-02.webp,assets/contact-sheets-png/PAGE-09_SI-02_SI-017_to_SI-032.webp,5,椅边窄坐·直立纵向
SI-022,PAGE-09,SI,2,POSE ATLAS · SITTING · 02,assets/contact-sheets/SI-02.webp,assets/contact-sheets-png/PAGE-09_SI-02_SI-017_to_SI-032.webp,6,椅边窄坐·前倾对角
SI-023,PAGE-09,SI,2,POSE ATLAS · SITTING · 02,assets/contact-sheets/SI-02.webp,assets/contact-sheets-png/PAGE-09_SI-02_SI-017_to_SI-032.webp,7,椅边窄坐·后仰开胸
SI-024,PAGE-09,SI,2,POSE ATLAS · SITTING · 02,assets/contact-sheets/SI-02.webp,assets/contact-sheets-png/PAGE-09_SI-02_SI-017_to_SI-032.webp,8,椅边窄坐·胸胯扭转
SI-025,PAGE-09,SI,2,POSE ATLAS · SITTING · 02,assets/contact-sheets/SI-02.webp,assets/contact-sheets-png/PAGE-09_SI-02_SI-017_to_SI-032.webp,9,椅边宽坐·直立纵向
SI-026,PAGE-09,SI,2,POSE ATLAS · SITTING · 02,assets/contact-sheets/SI-02.webp,assets/contact-sheets-png/PAGE-09_SI-02_SI-017_to_SI-032.webp,10,椅边宽坐·前倾对角
SI-027,PAGE-09,SI,2,POSE ATLAS · SITTING · 02,assets/contact-sheets/SI-02.webp,assets/contact-sheets-png/PAGE-09_SI-02_SI-017_to_SI-032.webp,11,椅边宽坐·后仰开胸
SI-028,PAGE-09,SI,2,POSE ATLAS · SITTING · 02,assets/contact-sheets/SI-02.webp,assets/contact-sheets-png/PAGE-09_SI-02_SI-017_to_SI-032.webp,12,椅边宽坐·胸胯扭转
SI-029,PAGE-09,SI,2,POSE ATLAS · SITTING · 02,assets/contact-sheets/SI-02.webp,assets/contact-sheets-png/PAGE-09_SI-02_SI-017_to_SI-032.webp,13,侧坐双腿同向·直立纵向
SI-030,PAGE-09,SI,2,POSE ATLAS · SITTING · 02,assets/contact-sheets/SI-02.webp,assets/contact-sheets-png/PAGE-09_SI-02_SI-017_to_SI-032.webp,14,侧坐双腿同向·前倾对角
SI-031,PAGE-09,SI,2,POSE ATLAS · SITTING · 02,assets/contact-sheets/SI-02.webp,assets/contact-sheets-png/PAGE-09_SI-02_SI-017_to_SI-032.webp,15,侧坐双腿同向·后仰开胸
SI-032,PAGE-09,SI,2,POSE ATLAS · SITTING · 02,assets/contact-sheets/SI-02.webp,assets/contact-sheets-png/PAGE-09_SI-02_SI-017_to_SI-032.webp,16,侧坐双腿同向·胸胯扭转
SI-033,PAGE-10,SI,3,POSE ATLAS · SITTING · 03,assets/contact-sheets/SI-03.webp,assets/contact-sheets-png/PAGE-10_SI-03_SI-033_to_SI-048.webp,1,高凳单腿落地·直立纵向
SI-034,PAGE-10,SI,3,POSE ATLAS · SITTING · 03,assets/contact-sheets/SI-03.webp,assets/contact-sheets-png/PAGE-10_SI-03_SI-033_to_SI-048.webp,2,高凳单腿落地·前倾对角
SI-035,PAGE-10,SI,3,POSE ATLAS · SITTING · 03,assets/contact-sheets/SI-03.webp,assets/contact-sheets-png/PAGE-10_SI-03_SI-033_to_SI-048.webp,3,高凳单腿落地·后仰开胸
SI-036,PAGE-10,SI,3,POSE ATLAS · SITTING · 03,assets/contact-sheets/SI-03.webp,assets/contact-sheets-png/PAGE-10_SI-03_SI-033_to_SI-048.webp,4,高凳单腿落地·胸胯扭转
SI-037,PAGE-10,SI,3,POSE ATLAS · SITTING · 03,assets/contact-sheets/SI-03.webp,assets/contact-sheets-png/PAGE-10_SI-03_SI-033_to_SI-048.webp,5,高凳双腿悬空·直立纵向
SI-038,PAGE-10,SI,3,POSE ATLAS · SITTING · 03,assets/contact-sheets/SI-03.webp,assets/contact-sheets-png/PAGE-10_SI-03_SI-033_to_SI-048.webp,6,高凳双腿悬空·前倾对角
SI-039,PAGE-10,SI,3,POSE ATLAS · SITTING · 03,assets/contact-sheets/SI-03.webp,assets/contact-sheets-png/PAGE-10_SI-03_SI-033_to_SI-048.webp,7,高凳双腿悬空·后仰开胸
SI-040,PAGE-10,SI,3,POSE ATLAS · SITTING · 03,assets/contact-sheets/SI-03.webp,assets/contact-sheets-png/PAGE-10_SI-03_SI-033_to_SI-048.webp,8,高凳双腿悬空·胸胯扭转
SI-041,PAGE-10,SI,3,POSE ATLAS · SITTING · 03,assets/contact-sheets/SI-03.webp,assets/contact-sheets-png/PAGE-10_SI-03_SI-033_to_SI-048.webp,9,椅上单膝抬高·直立纵向
SI-042,PAGE-10,SI,3,POSE ATLAS · SITTING · 03,assets/contact-sheets/SI-03.webp,assets/contact-sheets-png/PAGE-10_SI-03_SI-033_to_SI-048.webp,10,椅上单膝抬高·前倾对角
SI-043,PAGE-10,SI,3,POSE ATLAS · SITTING · 03,assets/contact-sheets/SI-03.webp,assets/contact-sheets-png/PAGE-10_SI-03_SI-033_to_SI-048.webp,11,椅上单膝抬高·后仰开胸
SI-044,PAGE-10,SI,3,POSE ATLAS · SITTING · 03,assets/contact-sheets/SI-03.webp,assets/contact-sheets-png/PAGE-10_SI-03_SI-033_to_SI-048.webp,12,椅上单膝抬高·胸胯扭转
SI-045,PAGE-10,SI,3,POSE ATLAS · SITTING · 03,assets/contact-sheets/SI-03.webp,assets/contact-sheets-png/PAGE-10_SI-03_SI-033_to_SI-048.webp,13,反坐跨椅·直立纵向
SI-046,PAGE-10,SI,3,POSE ATLAS · SITTING · 03,assets/contact-sheets/SI-03.webp,assets/contact-sheets-png/PAGE-10_SI-03_SI-033_to_SI-048.webp,14,反坐跨椅·前倾对角
SI-047,PAGE-10,SI,3,POSE ATLAS · SITTING · 03,assets/contact-sheets/SI-03.webp,assets/contact-sheets-png/PAGE-10_SI-03_SI-033_to_SI-048.webp,15,反坐跨椅·后仰开胸
SI-048,PAGE-10,SI,3,POSE ATLAS · SITTING · 03,assets/contact-sheets/SI-03.webp,assets/contact-sheets-png/PAGE-10_SI-03_SI-033_to_SI-048.webp,16,反坐跨椅·胸胯扭转
SI-049,PAGE-11,SI,4,POSE ATLAS · SITTING · 04,assets/contact-sheets/SI-04.webp,assets/contact-sheets-png/PAGE-11_SI-04_SI-049_to_SI-064.webp,1,坐姿一腿前伸·直立纵向
SI-050,PAGE-11,SI,4,POSE ATLAS · SITTING · 04,assets/contact-sheets/SI-04.webp,assets/contact-sheets-png/PAGE-11_SI-04_SI-049_to_SI-064.webp,2,坐姿一腿前伸·前倾对角
SI-051,PAGE-11,SI,4,POSE ATLAS · SITTING · 04,assets/contact-sheets/SI-04.webp,assets/contact-sheets-png/PAGE-11_SI-04_SI-049_to_SI-064.webp,3,坐姿一腿前伸·后仰开胸
SI-052,PAGE-11,SI,4,POSE ATLAS · SITTING · 04,assets/contact-sheets/SI-04.webp,assets/contact-sheets-png/PAGE-11_SI-04_SI-049_to_SI-064.webp,4,坐姿一腿前伸·胸胯扭转
SI-053,PAGE-11,SI,4,POSE ATLAS · SITTING · 04,assets/contact-sheets/SI-04.webp,assets/contact-sheets-png/PAGE-11_SI-04_SI-049_to_SI-064.webp,5,坐姿脚踝交叉·直立纵向
SI-054,PAGE-11,SI,4,POSE ATLAS · SITTING · 04,assets/contact-sheets/SI-04.webp,assets/contact-sheets-png/PAGE-11_SI-04_SI-049_to_SI-064.webp,6,坐姿脚踝交叉·前倾对角
SI-055,PAGE-11,SI,4,POSE ATLAS · SITTING · 04,assets/contact-sheets/SI-04.webp,assets/contact-sheets-png/PAGE-11_SI-04_SI-049_to_SI-064.webp,7,坐姿脚踝交叉·后仰开胸
SI-056,PAGE-11,SI,4,POSE ATLAS · SITTING · 04,assets/contact-sheets/SI-04.webp,assets/contact-sheets-png/PAGE-11_SI-04_SI-049_to_SI-064.webp,8,坐姿脚踝交叉·胸胯扭转
SI-057,PAGE-11,SI,4,POSE ATLAS · SITTING · 04,assets/contact-sheets/SI-04.webp,assets/contact-sheets-png/PAGE-11_SI-04_SI-049_to_SI-064.webp,9,椅面偏坐·直立纵向
SI-058,PAGE-11,SI,4,POSE ATLAS · SITTING · 04,assets/contact-sheets/SI-04.webp,assets/contact-sheets-png/PAGE-11_SI-04_SI-049_to_SI-064.webp,10,椅面偏坐·前倾对角
SI-059,PAGE-11,SI,4,POSE ATLAS · SITTING · 04,assets/contact-sheets/SI-04.webp,assets/contact-sheets-png/PAGE-11_SI-04_SI-049_to_SI-064.webp,11,椅面偏坐·后仰开胸
SI-060,PAGE-11,SI,4,POSE ATLAS · SITTING · 04,assets/contact-sheets/SI-04.webp,assets/contact-sheets-png/PAGE-11_SI-04_SI-049_to_SI-064.webp,12,椅面偏坐·胸胯扭转
SI-061,PAGE-11,SI,4,POSE ATLAS · SITTING · 04,assets/contact-sheets/SI-04.webp,assets/contact-sheets-png/PAGE-11_SI-04_SI-049_to_SI-064.webp,13,低凳前缘坐·直立纵向
SI-062,PAGE-11,SI,4,POSE ATLAS · SITTING · 04,assets/contact-sheets/SI-04.webp,assets/contact-sheets-png/PAGE-11_SI-04_SI-049_to_SI-064.webp,14,低凳前缘坐·前倾对角
SI-063,PAGE-11,SI,4,POSE ATLAS · SITTING · 04,assets/contact-sheets/SI-04.webp,assets/contact-sheets-png/PAGE-11_SI-04_SI-049_to_SI-064.webp,15,低凳前缘坐·后仰开胸
SI-064,PAGE-11,SI,4,POSE ATLAS · SITTING · 04,assets/contact-sheets/SI-04.webp,assets/contact-sheets-png/PAGE-11_SI-04_SI-049_to_SI-064.webp,16,低凳前缘坐·胸胯扭转
KN-001,PAGE-12,KN,1,POSE ATLAS · KNEELING · 01,assets/contact-sheets/KN-01.webp,assets/contact-sheets-png/PAGE-12_KN-01_KN-001_to_KN-016.webp,1,半跪前弓步
KN-002,PAGE-12,KN,1,POSE ATLAS · KNEELING · 01,assets/contact-sheets/KN-01.webp,assets/contact-sheets-png/PAGE-12_KN-01_KN-001_to_KN-016.webp,2,高跪直立
KN-003,PAGE-12,KN,1,POSE ATLAS · KNEELING · 01,assets/contact-sheets/KN-01.webp,assets/contact-sheets-png/PAGE-12_KN-01_KN-001_to_KN-016.webp,3,坐脚跟跪姿
KN-004,PAGE-12,KN,1,POSE ATLAS · KNEELING · 01,assets/contact-sheets/KN-01.webp,assets/contact-sheets-png/PAGE-12_KN-01_KN-001_to_KN-016.webp,4,侧向高跪
KN-005,PAGE-12,KN,1,POSE ATLAS · KNEELING · 01,assets/contact-sheets/KN-01.webp,assets/contact-sheets-png/PAGE-12_KN-01_KN-001_to_KN-016.webp,5,低跪单手撑地
KN-006,PAGE-12,KN,1,POSE ATLAS · KNEELING · 01,assets/contact-sheets/KN-01.webp,assets/contact-sheets-png/PAGE-12_KN-01_KN-001_to_KN-016.webp,6,高跪开胸后弓
KN-007,PAGE-12,KN,1,POSE ATLAS · KNEELING · 01,assets/contact-sheets/KN-01.webp,assets/contact-sheets-png/PAGE-12_KN-01_KN-001_to_KN-016.webp,7,跪姿S曲线
KN-008,PAGE-12,KN,1,POSE ATLAS · KNEELING · 01,assets/contact-sheets/KN-01.webp,assets/contact-sheets-png/PAGE-12_KN-01_KN-001_to_KN-016.webp,8,单膝前立跪
KN-009,PAGE-12,KN,1,POSE ATLAS · KNEELING · 01,assets/contact-sheets/KN-01.webp,assets/contact-sheets-png/PAGE-12_KN-01_KN-001_to_KN-016.webp,9,宽膝高跪
KN-010,PAGE-12,KN,1,POSE ATLAS · KNEELING · 01,assets/contact-sheets/KN-01.webp,assets/contact-sheets-png/PAGE-12_KN-01_KN-001_to_KN-016.webp,10,跪姿胸胯扭转
KN-011,PAGE-12,KN,1,POSE ATLAS · KNEELING · 01,assets/contact-sheets/KN-01.webp,assets/contact-sheets-png/PAGE-12_KN-01_KN-001_to_KN-016.webp,11,前俯双手撑地跪
KN-012,PAGE-12,KN,1,POSE ATLAS · KNEELING · 01,assets/contact-sheets/KN-01.webp,assets/contact-sheets-png/PAGE-12_KN-01_KN-001_to_KN-016.webp,12,撑地加过头弧线
KN-013,PAGE-12,KN,1,POSE ATLAS · KNEELING · 01,assets/contact-sheets/KN-01.webp,assets/contact-sheets-png/PAGE-12_KN-01_KN-001_to_KN-016.webp,13,高跪侧弯
KN-014,PAGE-12,KN,1,POSE ATLAS · KNEELING · 01,assets/contact-sheets/KN-01.webp,assets/contact-sheets-png/PAGE-12_KN-01_KN-001_to_KN-016.webp,14,高跪后伸手臂
KN-015,PAGE-12,KN,1,POSE ATLAS · KNEELING · 01,assets/contact-sheets/KN-01.webp,assets/contact-sheets-png/PAGE-12_KN-01_KN-001_to_KN-016.webp,15,半跪向前伸手
KN-016,PAGE-12,KN,1,POSE ATLAS · KNEELING · 01,assets/contact-sheets/KN-01.webp,assets/contact-sheets-png/PAGE-12_KN-01_KN-001_to_KN-016.webp,16,紧凑低跪
KN-017,PAGE-13,KN,2,POSE ATLAS · KNEELING · 02,assets/contact-sheets/KN-02.webp,assets/contact-sheets-png/PAGE-13_KN-02_KN-017_to_KN-032.webp,1,分腿半跪
KN-018,PAGE-13,KN,2,POSE ATLAS · KNEELING · 02,assets/contact-sheets/KN-02.webp,assets/contact-sheets-png/PAGE-13_KN-02_KN-017_to_KN-032.webp,2,背身高跪回头
KN-019,PAGE-13,KN,2,POSE ATLAS · KNEELING · 02,assets/contact-sheets/KN-02.webp,assets/contact-sheets-png/PAGE-13_KN-02_KN-017_to_KN-032.webp,3,抱膝收拢跪
KN-020,PAGE-13,KN,2,POSE ATLAS · KNEELING · 02,assets/contact-sheets/KN-02.webp,assets/contact-sheets-png/PAGE-13_KN-02_KN-017_to_KN-032.webp,4,对角延展跪
KN-021,PAGE-13,KN,2,POSE ATLAS · KNEELING · 02,assets/contact-sheets/KN-02.webp,assets/contact-sheets-png/PAGE-13_KN-02_KN-017_to_KN-032.webp,5,高跪并膝·胸胯反向S线
KN-022,PAGE-13,KN,2,POSE ATLAS · KNEELING · 02,assets/contact-sheets/KN-02.webp,assets/contact-sheets-png/PAGE-13_KN-02_KN-017_to_KN-032.webp,6,高跪并膝·侧弯连续弧
KN-023,PAGE-13,KN,2,POSE ATLAS · KNEELING · 02,assets/contact-sheets/KN-02.webp,assets/contact-sheets-png/PAGE-13_KN-02_KN-017_to_KN-032.webp,7,高跪并膝·开胸后弓
KN-024,PAGE-13,KN,2,POSE ATLAS · KNEELING · 02,assets/contact-sheets/KN-02.webp,assets/contact-sheets-png/PAGE-13_KN-02_KN-017_to_KN-032.webp,8,高跪并膝·扭转对角
KN-025,PAGE-13,KN,2,POSE ATLAS · KNEELING · 02,assets/contact-sheets/KN-02.webp,assets/contact-sheets-png/PAGE-13_KN-02_KN-017_to_KN-032.webp,9,高跪宽膝·胸胯反向S线
KN-026,PAGE-13,KN,2,POSE ATLAS · KNEELING · 02,assets/contact-sheets/KN-02.webp,assets/contact-sheets-png/PAGE-13_KN-02_KN-017_to_KN-032.webp,10,高跪宽膝·侧弯连续弧
KN-027,PAGE-13,KN,2,POSE ATLAS · KNEELING · 02,assets/contact-sheets/KN-02.webp,assets/contact-sheets-png/PAGE-13_KN-02_KN-017_to_KN-032.webp,11,高跪宽膝·开胸后弓
KN-028,PAGE-13,KN,2,POSE ATLAS · KNEELING · 02,assets/contact-sheets/KN-02.webp,assets/contact-sheets-png/PAGE-13_KN-02_KN-017_to_KN-032.webp,12,高跪宽膝·扭转对角
KN-029,PAGE-13,KN,2,POSE ATLAS · KNEELING · 02,assets/contact-sheets/KN-02.webp,assets/contact-sheets-png/PAGE-13_KN-02_KN-017_to_KN-032.webp,13,半跪前脚立·胸胯反向S线
KN-030,PAGE-13,KN,2,POSE ATLAS · KNEELING · 02,assets/contact-sheets/KN-02.webp,assets/contact-sheets-png/PAGE-13_KN-02_KN-017_to_KN-032.webp,14,半跪前脚立·侧弯连续弧
KN-031,PAGE-13,KN,2,POSE ATLAS · KNEELING · 02,assets/contact-sheets/KN-02.webp,assets/contact-sheets-png/PAGE-13_KN-02_KN-017_to_KN-032.webp,15,半跪前脚立·开胸后弓
KN-032,PAGE-13,KN,2,POSE ATLAS · KNEELING · 02,assets/contact-sheets/KN-02.webp,assets/contact-sheets-png/PAGE-13_KN-02_KN-017_to_KN-032.webp,16,半跪前脚立·扭转对角
KN-033,PAGE-14,KN,3,POSE ATLAS · KNEELING · 03,assets/contact-sheets/KN-03.webp,assets/contact-sheets-png/PAGE-14_KN-03_KN-033_to_KN-048.webp,1,半跪侧脚立·胸胯反向S线
KN-034,PAGE-14,KN,3,POSE ATLAS · KNEELING · 03,assets/contact-sheets/KN-03.webp,assets/contact-sheets-png/PAGE-14_KN-03_KN-033_to_KN-048.webp,2,半跪侧脚立·侧弯连续弧
KN-035,PAGE-14,KN,3,POSE ATLAS · KNEELING · 03,assets/contact-sheets/KN-03.webp,assets/contact-sheets-png/PAGE-14_KN-03_KN-033_to_KN-048.webp,3,半跪侧脚立·开胸后弓
KN-036,PAGE-14,KN,3,POSE ATLAS · KNEELING · 03,assets/contact-sheets/KN-03.webp,assets/contact-sheets-png/PAGE-14_KN-03_KN-033_to_KN-048.webp,4,半跪侧脚立·扭转对角
KN-037,PAGE-14,KN,3,POSE ATLAS · KNEELING · 03,assets/contact-sheets/KN-03.webp,assets/contact-sheets-png/PAGE-14_KN-03_KN-033_to_KN-048.webp,5,低跪坐跟·胸胯反向S线
KN-038,PAGE-14,KN,3,POSE ATLAS · KNEELING · 03,assets/contact-sheets/KN-03.webp,assets/contact-sheets-png/PAGE-14_KN-03_KN-033_to_KN-048.webp,6,低跪坐跟·侧弯连续弧
KN-039,PAGE-14,KN,3,POSE ATLAS · KNEELING · 03,assets/contact-sheets/KN-03.webp,assets/contact-sheets-png/PAGE-14_KN-03_KN-033_to_KN-048.webp,7,低跪坐跟·开胸后弓
KN-040,PAGE-14,KN,3,POSE ATLAS · KNEELING · 03,assets/contact-sheets/KN-03.webp,assets/contact-sheets-png/PAGE-14_KN-03_KN-033_to_KN-048.webp,8,低跪坐跟·扭转对角
KN-041,PAGE-14,KN,3,POSE ATLAS · KNEELING · 03,assets/contact-sheets/KN-03.webp,assets/contact-sheets-png/PAGE-14_KN-03_KN-033_to_KN-048.webp,9,单膝后伸·胸胯反向S线
KN-042,PAGE-14,KN,3,POSE ATLAS · KNEELING · 03,assets/contact-sheets/KN-03.webp,assets/contact-sheets-png/PAGE-14_KN-03_KN-033_to_KN-048.webp,10,单膝后伸·侧弯连续弧
KN-043,PAGE-14,KN,3,POSE ATLAS · KNEELING · 03,assets/contact-sheets/KN-03.webp,assets/contact-sheets-png/PAGE-14_KN-03_KN-033_to_KN-048.webp,11,单膝后伸·开胸后弓
KN-044,PAGE-14,KN,3,POSE ATLAS · KNEELING · 03,assets/contact-sheets/KN-03.webp,assets/contact-sheets-png/PAGE-14_KN-03_KN-033_to_KN-048.webp,12,单膝后伸·扭转对角
KN-045,PAGE-14,KN,3,POSE ATLAS · KNEELING · 03,assets/contact-sheets/KN-03.webp,assets/contact-sheets-png/PAGE-14_KN-03_KN-033_to_KN-048.webp,13,双膝错位·胸胯反向S线
KN-046,PAGE-14,KN,3,POSE ATLAS · KNEELING · 03,assets/contact-sheets/KN-03.webp,assets/contact-sheets-png/PAGE-14_KN-03_KN-033_to_KN-048.webp,14,双膝错位·侧弯连续弧
KN-047,PAGE-14,KN,3,POSE ATLAS · KNEELING · 03,assets/contact-sheets/KN-03.webp,assets/contact-sheets-png/PAGE-14_KN-03_KN-033_to_KN-048.webp,15,双膝错位·开胸后弓
KN-048,PAGE-14,KN,3,POSE ATLAS · KNEELING · 03,assets/contact-sheets/KN-03.webp,assets/contact-sheets-png/PAGE-14_KN-03_KN-033_to_KN-048.webp,16,双膝错位·扭转对角
KN-049,PAGE-15,KN,4,POSE ATLAS · KNEELING · 04,assets/contact-sheets/KN-04.webp,assets/contact-sheets-png/PAGE-15_KN-04_KN-049_to_KN-064.webp,1,高跪单侧提髋·胸胯反向S线
KN-050,PAGE-15,KN,4,POSE ATLAS · KNEELING · 04,assets/contact-sheets/KN-04.webp,assets/contact-sheets-png/PAGE-15_KN-04_KN-049_to_KN-064.webp,2,高跪单侧提髋·侧弯连续弧
KN-051,PAGE-15,KN,4,POSE ATLAS · KNEELING · 04,assets/contact-sheets/KN-04.webp,assets/contact-sheets-png/PAGE-15_KN-04_KN-049_to_KN-064.webp,3,高跪单侧提髋·开胸后弓
KN-052,PAGE-15,KN,4,POSE ATLAS · KNEELING · 04,assets/contact-sheets/KN-04.webp,assets/contact-sheets-png/PAGE-15_KN-04_KN-049_to_KN-064.webp,4,高跪单侧提髋·扭转对角
KN-053,PAGE-15,KN,4,POSE ATLAS · KNEELING · 04,assets/contact-sheets/KN-04.webp,assets/contact-sheets-png/PAGE-15_KN-04_KN-049_to_KN-064.webp,5,半跪长弓步·胸胯反向S线
KN-054,PAGE-15,KN,4,POSE ATLAS · KNEELING · 04,assets/contact-sheets/KN-04.webp,assets/contact-sheets-png/PAGE-15_KN-04_KN-049_to_KN-064.webp,6,半跪长弓步·侧弯连续弧
KN-055,PAGE-15,KN,4,POSE ATLAS · KNEELING · 04,assets/contact-sheets/KN-04.webp,assets/contact-sheets-png/PAGE-15_KN-04_KN-049_to_KN-064.webp,7,半跪长弓步·开胸后弓
KN-056,PAGE-15,KN,4,POSE ATLAS · KNEELING · 04,assets/contact-sheets/KN-04.webp,assets/contact-sheets-png/PAGE-15_KN-04_KN-049_to_KN-064.webp,8,半跪长弓步·扭转对角
KN-057,PAGE-15,KN,4,POSE ATLAS · KNEELING · 04,assets/contact-sheets/KN-04.webp,assets/contact-sheets-png/PAGE-15_KN-04_KN-049_to_KN-064.webp,9,跪姿一腿侧伸·胸胯反向S线
KN-058,PAGE-15,KN,4,POSE ATLAS · KNEELING · 04,assets/contact-sheets/KN-04.webp,assets/contact-sheets-png/PAGE-15_KN-04_KN-049_to_KN-064.webp,10,跪姿一腿侧伸·侧弯连续弧
KN-059,PAGE-15,KN,4,POSE ATLAS · KNEELING · 04,assets/contact-sheets/KN-04.webp,assets/contact-sheets-png/PAGE-15_KN-04_KN-049_to_KN-064.webp,11,跪姿一腿侧伸·开胸后弓
KN-060,PAGE-15,KN,4,POSE ATLAS · KNEELING · 04,assets/contact-sheets/KN-04.webp,assets/contact-sheets-png/PAGE-15_KN-04_KN-049_to_KN-064.webp,12,跪姿一腿侧伸·扭转对角
KN-061,PAGE-15,KN,4,POSE ATLAS · KNEELING · 04,assets/contact-sheets/KN-04.webp,assets/contact-sheets-png/PAGE-15_KN-04_KN-049_to_KN-064.webp,13,跪姿一腿前伸·胸胯反向S线
KN-062,PAGE-15,KN,4,POSE ATLAS · KNEELING · 04,assets/contact-sheets/KN-04.webp,assets/contact-sheets-png/PAGE-15_KN-04_KN-049_to_KN-064.webp,14,跪姿一腿前伸·侧弯连续弧
KN-063,PAGE-15,KN,4,POSE ATLAS · KNEELING · 04,assets/contact-sheets/KN-04.webp,assets/contact-sheets-png/PAGE-15_KN-04_KN-049_to_KN-064.webp,15,跪姿一腿前伸·开胸后弓
KN-064,PAGE-15,KN,4,POSE ATLAS · KNEELING · 04,assets/contact-sheets/KN-04.webp,assets/contact-sheets-png/PAGE-15_KN-04_KN-049_to_KN-064.webp,16,跪姿一腿前伸·扭转对角
SQ-001,PAGE-16,SQ,1,POSE ATLAS · SQUATTING · 01,assets/contact-sheets/SQ-01.webp,assets/contact-sheets-png/PAGE-16_SQ-01_SQ-001_to_SQ-016.webp,1,深蹲对称
SQ-002,PAGE-16,SQ,1,POSE ATLAS · SQUATTING · 01,assets/contact-sheets/SQ-01.webp,assets/contact-sheets-png/PAGE-16_SQ-01_SQ-001_to_SQ-016.webp,2,提踵低蹲
SQ-003,PAGE-16,SQ,1,POSE ATLAS · SQUATTING · 01,assets/contact-sheets/SQ-01.webp,assets/contact-sheets-png/PAGE-16_SQ-01_SQ-001_to_SQ-016.webp,3,侧向低蹲
SQ-004,PAGE-16,SQ,1,POSE ATLAS · SQUATTING · 01,assets/contact-sheets/SQ-01.webp,assets/contact-sheets-png/PAGE-16_SQ-01_SQ-001_to_SQ-016.webp,4,低蹲单手撑地
SQ-005,PAGE-16,SQ,1,POSE ATLAS · SQUATTING · 01,assets/contact-sheets/SQ-01.webp,assets/contact-sheets-png/PAGE-16_SQ-01_SQ-001_to_SQ-016.webp,5,宽距相扑蹲
SQ-006,PAGE-16,SQ,1,POSE ATLAS · SQUATTING · 01,assets/contact-sheets/SQ-01.webp,assets/contact-sheets-png/PAGE-16_SQ-01_SQ-001_to_SQ-016.webp,6,并脚收拢蹲
SQ-007,PAGE-16,SQ,1,POSE ATLAS · SQUATTING · 01,assets/contact-sheets/SQ-01.webp,assets/contact-sheets-png/PAGE-16_SQ-01_SQ-001_to_SQ-016.webp,7,侧伸腿蹲
SQ-008,PAGE-16,SQ,1,POSE ATLAS · SQUATTING · 01,assets/contact-sheets/SQ-01.webp,assets/contact-sheets-png/PAGE-16_SQ-01_SQ-001_to_SQ-016.webp,8,前倾低蹲
SQ-009,PAGE-16,SQ,1,POSE ATLAS · SQUATTING · 01,assets/contact-sheets/SQ-01.webp,assets/contact-sheets-png/PAGE-16_SQ-01_SQ-001_to_SQ-016.webp,9,蹲姿扭转
SQ-010,PAGE-16,SQ,1,POSE ATLAS · SQUATTING · 01,assets/contact-sheets/SQ-01.webp,assets/contact-sheets-png/PAGE-16_SQ-01_SQ-001_to_SQ-016.webp,10,前臂搭膝蹲
SQ-011,PAGE-16,SQ,1,POSE ATLAS · SQUATTING · 01,assets/contact-sheets/SQ-01.webp,assets/contact-sheets-png/PAGE-16_SQ-01_SQ-001_to_SQ-016.webp,11,蹲姿单臂过头
SQ-012,PAGE-16,SQ,1,POSE ATLAS · SQUATTING · 01,assets/contact-sheets/SQ-01.webp,assets/contact-sheets-png/PAGE-16_SQ-01_SQ-001_to_SQ-016.webp,12,低位对角伸展
SQ-013,PAGE-16,SQ,1,POSE ATLAS · SQUATTING · 01,assets/contact-sheets/SQ-01.webp,assets/contact-sheets-png/PAGE-16_SQ-01_SQ-001_to_SQ-016.webp,13,半蹲时装定格
SQ-014,PAGE-16,SQ,1,POSE ATLAS · SQUATTING · 01,assets/contact-sheets/SQ-01.webp,assets/contact-sheets-png/PAGE-16_SQ-01_SQ-001_to_SQ-016.webp,14,背身低蹲回头
SQ-015,PAGE-16,SQ,1,POSE ATLAS · SQUATTING · 01,assets/contact-sheets/SQ-01.webp,assets/contact-sheets-png/PAGE-16_SQ-01_SQ-001_to_SQ-016.webp,15,脚尖不对称蹲
SQ-016,PAGE-16,SQ,1,POSE ATLAS · SQUATTING · 01,assets/contact-sheets/SQ-01.webp,assets/contact-sheets-png/PAGE-16_SQ-01_SQ-001_to_SQ-016.webp,16,深蹲宽距·直立收拢
SQ-017,PAGE-17,SQ,2,POSE ATLAS · SQUATTING · 02,assets/contact-sheets/SQ-02.webp,assets/contact-sheets-png/PAGE-17_SQ-02_SQ-017_to_SQ-032.webp,1,深蹲宽距·前倾对角
SQ-018,PAGE-17,SQ,2,POSE ATLAS · SQUATTING · 02,assets/contact-sheets/SQ-02.webp,assets/contact-sheets-png/PAGE-17_SQ-02_SQ-017_to_SQ-032.webp,2,深蹲宽距·扭转开放
SQ-019,PAGE-17,SQ,2,POSE ATLAS · SQUATTING · 02,assets/contact-sheets/SQ-02.webp,assets/contact-sheets-png/PAGE-17_SQ-02_SQ-017_to_SQ-032.webp,3,深蹲窄距·直立收拢
SQ-020,PAGE-17,SQ,2,POSE ATLAS · SQUATTING · 02,assets/contact-sheets/SQ-02.webp,assets/contact-sheets-png/PAGE-17_SQ-02_SQ-017_to_SQ-032.webp,4,深蹲窄距·前倾对角
SQ-021,PAGE-17,SQ,2,POSE ATLAS · SQUATTING · 02,assets/contact-sheets/SQ-02.webp,assets/contact-sheets-png/PAGE-17_SQ-02_SQ-017_to_SQ-032.webp,5,深蹲窄距·扭转开放
SQ-022,PAGE-17,SQ,2,POSE ATLAS · SQUATTING · 02,assets/contact-sheets/SQ-02.webp,assets/contact-sheets-png/PAGE-17_SQ-02_SQ-017_to_SQ-032.webp,6,单侧深蹲·直立收拢
SQ-023,PAGE-17,SQ,2,POSE ATLAS · SQUATTING · 02,assets/contact-sheets/SQ-02.webp,assets/contact-sheets-png/PAGE-17_SQ-02_SQ-017_to_SQ-032.webp,7,单侧深蹲·前倾对角
SQ-024,PAGE-17,SQ,2,POSE ATLAS · SQUATTING · 02,assets/contact-sheets/SQ-02.webp,assets/contact-sheets-png/PAGE-17_SQ-02_SQ-017_to_SQ-032.webp,8,单侧深蹲·扭转开放
SQ-025,PAGE-17,SQ,2,POSE ATLAS · SQUATTING · 02,assets/contact-sheets/SQ-02.webp,assets/contact-sheets-png/PAGE-17_SQ-02_SQ-017_to_SQ-032.webp,9,半蹲宽距·直立收拢
SQ-026,PAGE-17,SQ,2,POSE ATLAS · SQUATTING · 02,assets/contact-sheets/SQ-02.webp,assets/contact-sheets-png/PAGE-17_SQ-02_SQ-017_to_SQ-032.webp,10,半蹲宽距·前倾对角
SQ-027,PAGE-17,SQ,2,POSE ATLAS · SQUATTING · 02,assets/contact-sheets/SQ-02.webp,assets/contact-sheets-png/PAGE-17_SQ-02_SQ-017_to_SQ-032.webp,11,半蹲宽距·扭转开放
SQ-028,PAGE-17,SQ,2,POSE ATLAS · SQUATTING · 02,assets/contact-sheets/SQ-02.webp,assets/contact-sheets-png/PAGE-17_SQ-02_SQ-017_to_SQ-032.webp,12,半蹲窄距·直立收拢
SQ-029,PAGE-17,SQ,2,POSE ATLAS · SQUATTING · 02,assets/contact-sheets/SQ-02.webp,assets/contact-sheets-png/PAGE-17_SQ-02_SQ-017_to_SQ-032.webp,13,半蹲窄距·前倾对角
SQ-030,PAGE-17,SQ,2,POSE ATLAS · SQUATTING · 02,assets/contact-sheets/SQ-02.webp,assets/contact-sheets-png/PAGE-17_SQ-02_SQ-017_to_SQ-032.webp,14,半蹲窄距·扭转开放
SQ-031,PAGE-17,SQ,2,POSE ATLAS · SQUATTING · 02,assets/contact-sheets/SQ-02.webp,assets/contact-sheets-png/PAGE-17_SQ-02_SQ-017_to_SQ-032.webp,15,提踵深蹲·直立收拢
SQ-032,PAGE-17,SQ,2,POSE ATLAS · SQUATTING · 02,assets/contact-sheets/SQ-02.webp,assets/contact-sheets-png/PAGE-17_SQ-02_SQ-017_to_SQ-032.webp,16,提踵深蹲·前倾对角
SQ-033,PAGE-18,SQ,3,POSE ATLAS · SQUATTING · 03,assets/contact-sheets/SQ-03.webp,assets/contact-sheets-png/PAGE-18_SQ-03_SQ-033_to_SQ-048.webp,1,提踵深蹲·扭转开放
SQ-034,PAGE-18,SQ,3,POSE ATLAS · SQUATTING · 03,assets/contact-sheets/SQ-03.webp,assets/contact-sheets-png/PAGE-18_SQ-03_SQ-033_to_SQ-048.webp,2,一腿侧伸低蹲·直立收拢
SQ-035,PAGE-18,SQ,3,POSE ATLAS · SQUATTING · 03,assets/contact-sheets/SQ-03.webp,assets/contact-sheets-png/PAGE-18_SQ-03_SQ-033_to_SQ-048.webp,3,一腿侧伸低蹲·前倾对角
SQ-036,PAGE-18,SQ,3,POSE ATLAS · SQUATTING · 03,assets/contact-sheets/SQ-03.webp,assets/contact-sheets-png/PAGE-18_SQ-03_SQ-033_to_SQ-048.webp,4,一腿侧伸低蹲·扭转开放
SQ-037,PAGE-18,SQ,3,POSE ATLAS · SQUATTING · 03,assets/contact-sheets/SQ-03.webp,assets/contact-sheets-png/PAGE-18_SQ-03_SQ-033_to_SQ-048.webp,5,前后错步低蹲·直立收拢
SQ-038,PAGE-18,SQ,3,POSE ATLAS · SQUATTING · 03,assets/contact-sheets/SQ-03.webp,assets/contact-sheets-png/PAGE-18_SQ-03_SQ-033_to_SQ-048.webp,6,前后错步低蹲·前倾对角
SQ-039,PAGE-18,SQ,3,POSE ATLAS · SQUATTING · 03,assets/contact-sheets/SQ-03.webp,assets/contact-sheets-png/PAGE-18_SQ-03_SQ-033_to_SQ-048.webp,7,前后错步低蹲·扭转开放
SQ-040,PAGE-18,SQ,3,POSE ATLAS · SQUATTING · 03,assets/contact-sheets/SQ-03.webp,assets/contact-sheets-png/PAGE-18_SQ-03_SQ-033_to_SQ-048.webp,8,背身低蹲·直立收拢
SQ-041,PAGE-18,SQ,3,POSE ATLAS · SQUATTING · 03,assets/contact-sheets/SQ-03.webp,assets/contact-sheets-png/PAGE-18_SQ-03_SQ-033_to_SQ-048.webp,9,背身低蹲·前倾对角
SQ-042,PAGE-18,SQ,3,POSE ATLAS · SQUATTING · 03,assets/contact-sheets/SQ-03.webp,assets/contact-sheets-png/PAGE-18_SQ-03_SQ-033_to_SQ-048.webp,10,背身低蹲·扭转开放
SQ-043,PAGE-18,SQ,3,POSE ATLAS · SQUATTING · 03,assets/contact-sheets/SQ-03.webp,assets/contact-sheets-png/PAGE-18_SQ-03_SQ-033_to_SQ-048.webp,11,单膝内扣半蹲·直立收拢
SQ-044,PAGE-18,SQ,3,POSE ATLAS · SQUATTING · 03,assets/contact-sheets/SQ-03.webp,assets/contact-sheets-png/PAGE-18_SQ-03_SQ-033_to_SQ-048.webp,12,单膝内扣半蹲·前倾对角
SQ-045,PAGE-18,SQ,3,POSE ATLAS · SQUATTING · 03,assets/contact-sheets/SQ-03.webp,assets/contact-sheets-png/PAGE-18_SQ-03_SQ-033_to_SQ-048.webp,13,单膝内扣半蹲·扭转开放
SQ-046,PAGE-18,SQ,3,POSE ATLAS · SQUATTING · 03,assets/contact-sheets/SQ-03.webp,assets/contact-sheets-png/PAGE-18_SQ-03_SQ-033_to_SQ-048.webp,14,三点低蹲·直立收拢
SQ-047,PAGE-18,SQ,3,POSE ATLAS · SQUATTING · 03,assets/contact-sheets/SQ-03.webp,assets/contact-sheets-png/PAGE-18_SQ-03_SQ-033_to_SQ-048.webp,15,三点低蹲·前倾对角
SQ-048,PAGE-18,SQ,3,POSE ATLAS · SQUATTING · 03,assets/contact-sheets/SQ-03.webp,assets/contact-sheets-png/PAGE-18_SQ-03_SQ-033_to_SQ-048.webp,16,三点低蹲·扭转开放
FL-001,PAGE-19,FL,1,POSE ATLAS · FLOOR · 01,assets/contact-sheets/FL-01.webp,assets/contact-sheets-png/PAGE-19_FL-01_FL-001_to_FL-016.webp,1,侧坐单手支撑
FL-002,PAGE-19,FL,1,POSE ATLAS · FLOOR · 01,assets/contact-sheets/FL-01.webp,assets/contact-sheets-png/PAGE-19_FL-01_FL-001_to_FL-016.webp,2,美人鱼侧折腿
FL-003,PAGE-19,FL,1,POSE ATLAS · FLOOR · 01,assets/contact-sheets/FL-01.webp,assets/contact-sheets-png/PAGE-19_FL-01_FL-001_to_FL-016.webp,3,长腿后撑坐
FL-004,PAGE-19,FL,1,POSE ATLAS · FLOOR · 01,assets/contact-sheets/FL-01.webp,assets/contact-sheets-png/PAGE-19_FL-01_FL-001_to_FL-016.webp,4,屈膝后躺
FL-005,PAGE-19,FL,1,POSE ATLAS · FLOOR · 01,assets/contact-sheets/FL-01.webp,assets/contact-sheets-png/PAGE-19_FL-01_FL-001_to_FL-016.webp,5,俯卧肘撑
FL-006,PAGE-19,FL,1,POSE ATLAS · FLOOR · 01,assets/contact-sheets/FL-01.webp,assets/contact-sheets-png/PAGE-19_FL-01_FL-001_to_FL-016.webp,6,俯卧单腿后屈
FL-007,PAGE-19,FL,1,POSE ATLAS · FLOOR · 01,assets/contact-sheets/FL-01.webp,assets/contact-sheets-png/PAGE-19_FL-01_FL-001_to_FL-016.webp,7,仰卧双膝屈曲
FL-008,PAGE-19,FL,1,POSE ATLAS · FLOOR · 01,assets/contact-sheets/FL-01.webp,assets/contact-sheets-png/PAGE-19_FL-01_FL-001_to_FL-016.webp,8,仰卧一腿延长
FL-009,PAGE-19,FL,1,POSE ATLAS · FLOOR · 01,assets/contact-sheets/FL-01.webp,assets/contact-sheets-png/PAGE-19_FL-01_FL-001_to_FL-016.webp,9,侧卧前臂支撑
FL-010,PAGE-19,FL,1,POSE ATLAS · FLOOR · 01,assets/contact-sheets/FL-01.webp,assets/contact-sheets-png/PAGE-19_FL-01_FL-001_to_FL-016.webp,10,侧卧长线
FL-011,PAGE-19,FL,1,POSE ATLAS · FLOOR · 01,assets/contact-sheets/FL-01.webp,assets/contact-sheets-png/PAGE-19_FL-01_FL-001_to_FL-016.webp,11,抱膝地坐
FL-012,PAGE-19,FL,1,POSE ATLAS · FLOOR · 01,assets/contact-sheets/FL-01.webp,assets/contact-sheets-png/PAGE-19_FL-01_FL-001_to_FL-016.webp,12,V形地坐
FL-013,PAGE-19,FL,1,POSE ATLAS · FLOOR · 01,assets/contact-sheets/FL-01.webp,assets/contact-sheets-png/PAGE-19_FL-01_FL-001_to_FL-016.webp,13,盘腿直立坐
FL-014,PAGE-19,FL,1,POSE ATLAS · FLOOR · 01,assets/contact-sheets/FL-01.webp,assets/contact-sheets-png/PAGE-19_FL-01_FL-001_to_FL-016.webp,14,一腿折一腿伸
FL-015,PAGE-19,FL,1,POSE ATLAS · FLOOR · 01,assets/contact-sheets/FL-01.webp,assets/contact-sheets-png/PAGE-19_FL-01_FL-001_to_FL-016.webp,15,双腿同侧地坐
FL-016,PAGE-19,FL,1,POSE ATLAS · FLOOR · 01,assets/contact-sheets/FL-01.webp,assets/contact-sheets-png/PAGE-19_FL-01_FL-001_to_FL-016.webp,16,地面双手后撑
FL-017,PAGE-20,FL,2,POSE ATLAS · FLOOR · 02,assets/contact-sheets/FL-02.webp,assets/contact-sheets-png/PAGE-20_FL-02_FL-017_to_FL-032.webp,1,低位眼镜蛇延展
FL-018,PAGE-20,FL,2,POSE ATLAS · FLOOR · 02,assets/contact-sheets/FL-02.webp,assets/contact-sheets-png/PAGE-20_FL-02_FL-017_to_FL-032.webp,2,侧卧收拢蜷曲
FL-019,PAGE-20,FL,2,POSE ATLAS · FLOOR · 02,assets/contact-sheets/FL-02.webp,assets/contact-sheets-png/PAGE-20_FL-02_FL-017_to_FL-032.webp,3,四肢对角展开
FL-020,PAGE-20,FL,2,POSE ATLAS · FLOOR · 02,assets/contact-sheets/FL-02.webp,assets/contact-sheets-png/PAGE-20_FL-02_FL-017_to_FL-032.webp,4,地面扭转回看
FL-021,PAGE-20,FL,2,POSE ATLAS · FLOOR · 02,assets/contact-sheets/FL-02.webp,assets/contact-sheets-png/PAGE-20_FL-02_FL-017_to_FL-032.webp,5,长坐双腿前伸·纵向延展
FL-022,PAGE-20,FL,2,POSE ATLAS · FLOOR · 02,assets/contact-sheets/FL-02.webp,assets/contact-sheets-png/PAGE-20_FL-02_FL-017_to_FL-032.webp,6,长坐双腿前伸·侧向弧线
FL-023,PAGE-20,FL,2,POSE ATLAS · FLOOR · 02,assets/contact-sheets/FL-02.webp,assets/contact-sheets-png/PAGE-20_FL-02_FL-017_to_FL-032.webp,7,长坐双腿前伸·轴向扭转
FL-024,PAGE-20,FL,2,POSE ATLAS · FLOOR · 02,assets/contact-sheets/FL-02.webp,assets/contact-sheets-png/PAGE-20_FL-02_FL-017_to_FL-032.webp,8,长坐双腿前伸·开胸延展
FL-025,PAGE-20,FL,2,POSE ATLAS · FLOOR · 02,assets/contact-sheets/FL-02.webp,assets/contact-sheets-png/PAGE-20_FL-02_FL-017_to_FL-032.webp,9,长坐一屈一伸·纵向延展
FL-026,PAGE-20,FL,2,POSE ATLAS · FLOOR · 02,assets/contact-sheets/FL-02.webp,assets/contact-sheets-png/PAGE-20_FL-02_FL-017_to_FL-032.webp,10,长坐一屈一伸·侧向弧线
FL-027,PAGE-20,FL,2,POSE ATLAS · FLOOR · 02,assets/contact-sheets/FL-02.webp,assets/contact-sheets-png/PAGE-20_FL-02_FL-017_to_FL-032.webp,11,长坐一屈一伸·轴向扭转
FL-028,PAGE-20,FL,2,POSE ATLAS · FLOOR · 02,assets/contact-sheets/FL-02.webp,assets/contact-sheets-png/PAGE-20_FL-02_FL-017_to_FL-032.webp,12,长坐一屈一伸·开胸延展
FL-029,PAGE-20,FL,2,POSE ATLAS · FLOOR · 02,assets/contact-sheets/FL-02.webp,assets/contact-sheets-png/PAGE-20_FL-02_FL-017_to_FL-032.webp,13,侧坐双腿折叠·纵向延展
FL-030,PAGE-20,FL,2,POSE ATLAS · FLOOR · 02,assets/contact-sheets/FL-02.webp,assets/contact-sheets-png/PAGE-20_FL-02_FL-017_to_FL-032.webp,14,侧坐双腿折叠·侧向弧线
FL-031,PAGE-20,FL,2,POSE ATLAS · FLOOR · 02,assets/contact-sheets/FL-02.webp,assets/contact-sheets-png/PAGE-20_FL-02_FL-017_to_FL-032.webp,15,侧坐双腿折叠·轴向扭转
FL-032,PAGE-20,FL,2,POSE ATLAS · FLOOR · 02,assets/contact-sheets/FL-02.webp,assets/contact-sheets-png/PAGE-20_FL-02_FL-017_to_FL-032.webp,16,侧坐双腿折叠·开胸延展
FL-033,PAGE-21,FL,3,POSE ATLAS · FLOOR · 03,assets/contact-sheets/FL-03.webp,assets/contact-sheets-png/PAGE-21_FL-03_FL-033_to_FL-048.webp,1,盘腿高坐·纵向延展
FL-034,PAGE-21,FL,3,POSE ATLAS · FLOOR · 03,assets/contact-sheets/FL-03.webp,assets/contact-sheets-png/PAGE-21_FL-03_FL-033_to_FL-048.webp,2,盘腿高坐·侧向弧线
FL-035,PAGE-21,FL,3,POSE ATLAS · FLOOR · 03,assets/contact-sheets/FL-03.webp,assets/contact-sheets-png/PAGE-21_FL-03_FL-033_to_FL-048.webp,3,盘腿高坐·轴向扭转
FL-036,PAGE-21,FL,3,POSE ATLAS · FLOOR · 03,assets/contact-sheets/FL-03.webp,assets/contact-sheets-png/PAGE-21_FL-03_FL-033_to_FL-048.webp,4,盘腿高坐·开胸延展
FL-037,PAGE-21,FL,3,POSE ATLAS · FLOOR · 03,assets/contact-sheets/FL-03.webp,assets/contact-sheets-png/PAGE-21_FL-03_FL-033_to_FL-048.webp,5,双膝抱坐·纵向延展
FL-038,PAGE-21,FL,3,POSE ATLAS · FLOOR · 03,assets/contact-sheets/FL-03.webp,assets/contact-sheets-png/PAGE-21_FL-03_FL-033_to_FL-048.webp,6,双膝抱坐·侧向弧线
FL-039,PAGE-21,FL,3,POSE ATLAS · FLOOR · 03,assets/contact-sheets/FL-03.webp,assets/contact-sheets-png/PAGE-21_FL-03_FL-033_to_FL-048.webp,7,双膝抱坐·轴向扭转
FL-040,PAGE-21,FL,3,POSE ATLAS · FLOOR · 03,assets/contact-sheets/FL-03.webp,assets/contact-sheets-png/PAGE-21_FL-03_FL-033_to_FL-048.webp,8,双膝抱坐·开胸延展
FL-041,PAGE-21,FL,3,POSE ATLAS · FLOOR · 03,assets/contact-sheets/FL-03.webp,assets/contact-sheets-png/PAGE-21_FL-03_FL-033_to_FL-048.webp,9,后撑屈膝坐·纵向延展
FL-042,PAGE-21,FL,3,POSE ATLAS · FLOOR · 03,assets/contact-sheets/FL-03.webp,assets/contact-sheets-png/PAGE-21_FL-03_FL-033_to_FL-048.webp,10,后撑屈膝坐·侧向弧线
FL-043,PAGE-21,FL,3,POSE ATLAS · FLOOR · 03,assets/contact-sheets/FL-03.webp,assets/contact-sheets-png/PAGE-21_FL-03_FL-033_to_FL-048.webp,11,后撑屈膝坐·轴向扭转
FL-044,PAGE-21,FL,3,POSE ATLAS · FLOOR · 03,assets/contact-sheets/FL-03.webp,assets/contact-sheets-png/PAGE-21_FL-03_FL-033_to_FL-048.webp,12,后撑屈膝坐·开胸延展
FL-045,PAGE-21,FL,3,POSE ATLAS · FLOOR · 03,assets/contact-sheets/FL-03.webp,assets/contact-sheets-png/PAGE-21_FL-03_FL-033_to_FL-048.webp,13,侧卧长腿·纵向延展
FL-046,PAGE-21,FL,3,POSE ATLAS · FLOOR · 03,assets/contact-sheets/FL-03.webp,assets/contact-sheets-png/PAGE-21_FL-03_FL-033_to_FL-048.webp,14,侧卧长腿·侧向弧线
FL-047,PAGE-21,FL,3,POSE ATLAS · FLOOR · 03,assets/contact-sheets/FL-03.webp,assets/contact-sheets-png/PAGE-21_FL-03_FL-033_to_FL-048.webp,15,侧卧长腿·轴向扭转
FL-048,PAGE-21,FL,3,POSE ATLAS · FLOOR · 03,assets/contact-sheets/FL-03.webp,assets/contact-sheets-png/PAGE-21_FL-03_FL-033_to_FL-048.webp,16,侧卧长腿·开胸延展
FL-049,PAGE-22,FL,4,POSE ATLAS · FLOOR · 04,assets/contact-sheets/FL-04.webp,assets/contact-sheets-png/PAGE-22_FL-04_FL-049_to_FL-064.webp,1,侧卧屈膝·纵向延展
FL-050,PAGE-22,FL,4,POSE ATLAS · FLOOR · 04,assets/contact-sheets/FL-04.webp,assets/contact-sheets-png/PAGE-22_FL-04_FL-049_to_FL-064.webp,2,侧卧屈膝·侧向弧线
FL-051,PAGE-22,FL,4,POSE ATLAS · FLOOR · 04,assets/contact-sheets/FL-04.webp,assets/contact-sheets-png/PAGE-22_FL-04_FL-049_to_FL-064.webp,3,侧卧屈膝·轴向扭转
FL-052,PAGE-22,FL,4,POSE ATLAS · FLOOR · 04,assets/contact-sheets/FL-04.webp,assets/contact-sheets-png/PAGE-22_FL-04_FL-049_to_FL-064.webp,4,侧卧屈膝·开胸延展
FL-053,PAGE-22,FL,4,POSE ATLAS · FLOOR · 04,assets/contact-sheets/FL-04.webp,assets/contact-sheets-png/PAGE-22_FL-04_FL-049_to_FL-064.webp,5,仰卧单腿屈·纵向延展
FL-054,PAGE-22,FL,4,POSE ATLAS · FLOOR · 04,assets/contact-sheets/FL-04.webp,assets/contact-sheets-png/PAGE-22_FL-04_FL-049_to_FL-064.webp,6,仰卧单腿屈·侧向弧线
FL-055,PAGE-22,FL,4,POSE ATLAS · FLOOR · 04,assets/contact-sheets/FL-04.webp,assets/contact-sheets-png/PAGE-22_FL-04_FL-049_to_FL-064.webp,7,仰卧单腿屈·轴向扭转
FL-056,PAGE-22,FL,4,POSE ATLAS · FLOOR · 04,assets/contact-sheets/FL-04.webp,assets/contact-sheets-png/PAGE-22_FL-04_FL-049_to_FL-064.webp,8,仰卧单腿屈·开胸延展
FL-057,PAGE-22,FL,4,POSE ATLAS · FLOOR · 04,assets/contact-sheets/FL-04.webp,assets/contact-sheets-png/PAGE-22_FL-04_FL-049_to_FL-064.webp,9,俯卧前臂撑·纵向延展
FL-058,PAGE-22,FL,4,POSE ATLAS · FLOOR · 04,assets/contact-sheets/FL-04.webp,assets/contact-sheets-png/PAGE-22_FL-04_FL-049_to_FL-064.webp,10,俯卧前臂撑·侧向弧线
FL-059,PAGE-22,FL,4,POSE ATLAS · FLOOR · 04,assets/contact-sheets/FL-04.webp,assets/contact-sheets-png/PAGE-22_FL-04_FL-049_to_FL-064.webp,11,俯卧前臂撑·轴向扭转
FL-060,PAGE-22,FL,4,POSE ATLAS · FLOOR · 04,assets/contact-sheets/FL-04.webp,assets/contact-sheets-png/PAGE-22_FL-04_FL-049_to_FL-064.webp,12,俯卧前臂撑·开胸延展
FL-061,PAGE-22,FL,4,POSE ATLAS · FLOOR · 04,assets/contact-sheets/FL-04.webp,assets/contact-sheets-png/PAGE-22_FL-04_FL-049_to_FL-064.webp,13,四点跪撑·纵向延展
FL-062,PAGE-22,FL,4,POSE ATLAS · FLOOR · 04,assets/contact-sheets/FL-04.webp,assets/contact-sheets-png/PAGE-22_FL-04_FL-049_to_FL-064.webp,14,四点跪撑·侧向弧线
FL-063,PAGE-22,FL,4,POSE ATLAS · FLOOR · 04,assets/contact-sheets/FL-04.webp,assets/contact-sheets-png/PAGE-22_FL-04_FL-049_to_FL-064.webp,15,四点跪撑·轴向扭转
FL-064,PAGE-22,FL,4,POSE ATLAS · FLOOR · 04,assets/contact-sheets/FL-04.webp,assets/contact-sheets-png/PAGE-22_FL-04_FL-049_to_FL-064.webp,16,四点跪撑·开胸延展
LE-001,PAGE-23,LE,1,POSE ATLAS · LEANING · 01,assets/contact-sheets/LE-01.webp,assets/contact-sheets-png/PAGE-23_LE-01_LE-001_to_LE-016.webp,1,肩靠墙
LE-002,PAGE-23,LE,1,POSE ATLAS · LEANING · 01,assets/contact-sheets/LE-01.webp,assets/contact-sheets-png/PAGE-23_LE-01_LE-001_to_LE-016.webp,2,背靠墙
LE-003,PAGE-23,LE,1,POSE ATLAS · LEANING · 01,assets/contact-sheets/LE-01.webp,assets/contact-sheets-png/PAGE-23_LE-01_LE-001_to_LE-016.webp,3,胯侧靠墙
LE-004,PAGE-23,LE,1,POSE ATLAS · LEANING · 01,assets/contact-sheets/LE-01.webp,assets/contact-sheets-png/PAGE-23_LE-01_LE-001_to_LE-016.webp,4,前臂撑墙
LE-005,PAGE-23,LE,1,POSE ATLAS · LEANING · 01,assets/contact-sheets/LE-01.webp,assets/contact-sheets-png/PAGE-23_LE-01_LE-001_to_LE-016.webp,5,侧靠立柱
LE-006,PAGE-23,LE,1,POSE ATLAS · LEANING · 01,assets/contact-sheets/LE-01.webp,assets/contact-sheets-png/PAGE-23_LE-01_LE-001_to_LE-016.webp,6,扶栏杆侧倾
LE-007,PAGE-23,LE,1,POSE ATLAS · LEANING · 01,assets/contact-sheets/LE-01.webp,assets/contact-sheets-png/PAGE-23_LE-01_LE-001_to_LE-016.webp,7,手撑台面站
LE-008,PAGE-23,LE,1,POSE ATLAS · LEANING · 01,assets/contact-sheets/LE-01.webp,assets/contact-sheets-png/PAGE-23_LE-01_LE-001_to_LE-016.webp,8,扶椅背站
LE-009,PAGE-23,LE,1,POSE ATLAS · LEANING · 01,assets/contact-sheets/LE-01.webp,assets/contact-sheets-png/PAGE-23_LE-01_LE-001_to_LE-016.webp,9,门框上撑
LE-010,PAGE-23,LE,1,POSE ATLAS · LEANING · 01,assets/contact-sheets/LE-01.webp,assets/contact-sheets-png/PAGE-23_LE-01_LE-001_to_LE-016.webp,10,单脚抵墙
LE-011,PAGE-23,LE,1,POSE ATLAS · LEANING · 01,assets/contact-sheets/LE-01.webp,assets/contact-sheets-png/PAGE-23_LE-01_LE-001_to_LE-016.webp,11,头肩轻靠墙
LE-012,PAGE-23,LE,1,POSE ATLAS · LEANING · 01,assets/contact-sheets/LE-01.webp,assets/contact-sheets-png/PAGE-23_LE-01_LE-001_to_LE-016.webp,12,墙边后仰开胸
LE-013,PAGE-23,LE,1,POSE ATLAS · LEANING · 01,assets/contact-sheets/LE-01.webp,assets/contact-sheets-png/PAGE-23_LE-01_LE-001_to_LE-016.webp,13,肩侧靠墙·胸胯反向S线
LE-014,PAGE-23,LE,1,POSE ATLAS · LEANING · 01,assets/contact-sheets/LE-01.webp,assets/contact-sheets-png/PAGE-23_LE-01_LE-001_to_LE-016.webp,14,肩侧靠墙·前倾对角
LE-015,PAGE-23,LE,1,POSE ATLAS · LEANING · 01,assets/contact-sheets/LE-01.webp,assets/contact-sheets-png/PAGE-23_LE-01_LE-001_to_LE-016.webp,15,肩侧靠墙·后仰扭转
LE-016,PAGE-23,LE,1,POSE ATLAS · LEANING · 01,assets/contact-sheets/LE-01.webp,assets/contact-sheets-png/PAGE-23_LE-01_LE-001_to_LE-016.webp,16,背部靠墙·胸胯反向S线
LE-017,PAGE-24,LE,2,POSE ATLAS · LEANING · 02,assets/contact-sheets/LE-02.webp,assets/contact-sheets-png/PAGE-24_LE-02_LE-017_to_LE-032.webp,1,背部靠墙·前倾对角
LE-018,PAGE-24,LE,2,POSE ATLAS · LEANING · 02,assets/contact-sheets/LE-02.webp,assets/contact-sheets-png/PAGE-24_LE-02_LE-017_to_LE-032.webp,2,背部靠墙·后仰扭转
LE-019,PAGE-24,LE,2,POSE ATLAS · LEANING · 02,assets/contact-sheets/LE-02.webp,assets/contact-sheets-png/PAGE-24_LE-02_LE-017_to_LE-032.webp,3,胯侧靠墙·胸胯反向S线
LE-020,PAGE-24,LE,2,POSE ATLAS · LEANING · 02,assets/contact-sheets/LE-02.webp,assets/contact-sheets-png/PAGE-24_LE-02_LE-017_to_LE-032.webp,4,胯侧靠墙·前倾对角
LE-021,PAGE-24,LE,2,POSE ATLAS · LEANING · 02,assets/contact-sheets/LE-02.webp,assets/contact-sheets-png/PAGE-24_LE-02_LE-017_to_LE-032.webp,5,胯侧靠墙·后仰扭转
LE-022,PAGE-24,LE,2,POSE ATLAS · LEANING · 02,assets/contact-sheets/LE-02.webp,assets/contact-sheets-png/PAGE-24_LE-02_LE-017_to_LE-032.webp,6,前臂撑墙·胸胯反向S线
LE-023,PAGE-24,LE,2,POSE ATLAS · LEANING · 02,assets/contact-sheets/LE-02.webp,assets/contact-sheets-png/PAGE-24_LE-02_LE-017_to_LE-032.webp,7,前臂撑墙·前倾对角
LE-024,PAGE-24,LE,2,POSE ATLAS · LEANING · 02,assets/contact-sheets/LE-02.webp,assets/contact-sheets-png/PAGE-24_LE-02_LE-017_to_LE-032.webp,8,前臂撑墙·后仰扭转
LE-025,PAGE-24,LE,2,POSE ATLAS · LEANING · 02,assets/contact-sheets/LE-02.webp,assets/contact-sheets-png/PAGE-24_LE-02_LE-017_to_LE-032.webp,9,单手高撑墙·胸胯反向S线
LE-026,PAGE-24,LE,2,POSE ATLAS · LEANING · 02,assets/contact-sheets/LE-02.webp,assets/contact-sheets-png/PAGE-24_LE-02_LE-017_to_LE-032.webp,10,单手高撑墙·前倾对角
LE-027,PAGE-24,LE,2,POSE ATLAS · LEANING · 02,assets/contact-sheets/LE-02.webp,assets/contact-sheets-png/PAGE-24_LE-02_LE-017_to_LE-032.webp,11,单手高撑墙·后仰扭转
LE-028,PAGE-24,LE,2,POSE ATLAS · LEANING · 02,assets/contact-sheets/LE-02.webp,assets/contact-sheets-png/PAGE-24_LE-02_LE-017_to_LE-032.webp,12,双手撑墙·胸胯反向S线
LE-029,PAGE-24,LE,2,POSE ATLAS · LEANING · 02,assets/contact-sheets/LE-02.webp,assets/contact-sheets-png/PAGE-24_LE-02_LE-017_to_LE-032.webp,13,双手撑墙·前倾对角
LE-030,PAGE-24,LE,2,POSE ATLAS · LEANING · 02,assets/contact-sheets/LE-02.webp,assets/contact-sheets-png/PAGE-24_LE-02_LE-017_to_LE-032.webp,14,双手撑墙·后仰扭转
LE-031,PAGE-24,LE,2,POSE ATLAS · LEANING · 02,assets/contact-sheets/LE-02.webp,assets/contact-sheets-png/PAGE-24_LE-02_LE-017_to_LE-032.webp,15,侧肩靠柱·胸胯反向S线
LE-032,PAGE-24,LE,2,POSE ATLAS · LEANING · 02,assets/contact-sheets/LE-02.webp,assets/contact-sheets-png/PAGE-24_LE-02_LE-017_to_LE-032.webp,16,侧肩靠柱·前倾对角
LE-033,PAGE-25,LE,3,POSE ATLAS · LEANING · 03,assets/contact-sheets/LE-03.webp,assets/contact-sheets-png/PAGE-25_LE-03_LE-033_to_LE-048.webp,1,侧肩靠柱·后仰扭转
LE-034,PAGE-25,LE,3,POSE ATLAS · LEANING · 03,assets/contact-sheets/LE-03.webp,assets/contact-sheets-png/PAGE-25_LE-03_LE-033_to_LE-048.webp,2,背靠立柱·胸胯反向S线
LE-035,PAGE-25,LE,3,POSE ATLAS · LEANING · 03,assets/contact-sheets/LE-03.webp,assets/contact-sheets-png/PAGE-25_LE-03_LE-033_to_LE-048.webp,3,背靠立柱·前倾对角
LE-036,PAGE-25,LE,3,POSE ATLAS · LEANING · 03,assets/contact-sheets/LE-03.webp,assets/contact-sheets-png/PAGE-25_LE-03_LE-033_to_LE-048.webp,4,背靠立柱·后仰扭转
LE-037,PAGE-25,LE,3,POSE ATLAS · LEANING · 03,assets/contact-sheets/LE-03.webp,assets/contact-sheets-png/PAGE-25_LE-03_LE-033_to_LE-048.webp,5,扶栏杆·胸胯反向S线
LE-038,PAGE-25,LE,3,POSE ATLAS · LEANING · 03,assets/contact-sheets/LE-03.webp,assets/contact-sheets-png/PAGE-25_LE-03_LE-033_to_LE-048.webp,6,扶栏杆·前倾对角
LE-039,PAGE-25,LE,3,POSE ATLAS · LEANING · 03,assets/contact-sheets/LE-03.webp,assets/contact-sheets-png/PAGE-25_LE-03_LE-033_to_LE-048.webp,7,扶栏杆·后仰扭转
LE-040,PAGE-25,LE,3,POSE ATLAS · LEANING · 03,assets/contact-sheets/LE-03.webp,assets/contact-sheets-png/PAGE-25_LE-03_LE-033_to_LE-048.webp,8,手撑台面·胸胯反向S线
LE-041,PAGE-25,LE,3,POSE ATLAS · LEANING · 03,assets/contact-sheets/LE-03.webp,assets/contact-sheets-png/PAGE-25_LE-03_LE-033_to_LE-048.webp,9,手撑台面·前倾对角
LE-042,PAGE-25,LE,3,POSE ATLAS · LEANING · 03,assets/contact-sheets/LE-03.webp,assets/contact-sheets-png/PAGE-25_LE-03_LE-033_to_LE-048.webp,10,手撑台面·后仰扭转
LE-043,PAGE-25,LE,3,POSE ATLAS · LEANING · 03,assets/contact-sheets/LE-03.webp,assets/contact-sheets-png/PAGE-25_LE-03_LE-033_to_LE-048.webp,11,扶椅背·胸胯反向S线
LE-044,PAGE-25,LE,3,POSE ATLAS · LEANING · 03,assets/contact-sheets/LE-03.webp,assets/contact-sheets-png/PAGE-25_LE-03_LE-033_to_LE-048.webp,12,扶椅背·前倾对角
LE-045,PAGE-25,LE,3,POSE ATLAS · LEANING · 03,assets/contact-sheets/LE-03.webp,assets/contact-sheets-png/PAGE-25_LE-03_LE-033_to_LE-048.webp,13,扶椅背·后仰扭转
LE-046,PAGE-25,LE,3,POSE ATLAS · LEANING · 03,assets/contact-sheets/LE-03.webp,assets/contact-sheets-png/PAGE-25_LE-03_LE-033_to_LE-048.webp,14,门框单臂支撑·胸胯反向S线
LE-047,PAGE-25,LE,3,POSE ATLAS · LEANING · 03,assets/contact-sheets/LE-03.webp,assets/contact-sheets-png/PAGE-25_LE-03_LE-033_to_LE-048.webp,15,门框单臂支撑·前倾对角
LE-048,PAGE-25,LE,3,POSE ATLAS · LEANING · 03,assets/contact-sheets/LE-03.webp,assets/contact-sheets-png/PAGE-25_LE-03_LE-033_to_LE-048.webp,16,门框单臂支撑·后仰扭转
WK-001,PAGE-26,WK,1,POSE ATLAS · WALKING · 01,assets/contact-sheets/WK-01.webp,assets/contact-sheets-png/PAGE-26_WK-01_WK-001_to_WK-016.webp,1,自然中步幅
WK-002,PAGE-26,WK,1,POSE ATLAS · WALKING · 01,assets/contact-sheets/WK-01.webp,assets/contact-sheets-png/PAGE-26_WK-01_WK-001_to_WK-016.webp,2,交叉步行走
WK-003,PAGE-26,WK,1,POSE ATLAS · WALKING · 01,assets/contact-sheets/WK-01.webp,assets/contact-sheets-png/PAGE-26_WK-01_WK-001_to_WK-016.webp,3,长步幅前行
WK-004,PAGE-26,WK,1,POSE ATLAS · WALKING · 01,assets/contact-sheets/WK-01.webp,assets/contact-sheets-png/PAGE-26_WK-01_WK-001_to_WK-016.webp,4,慢步拖后脚
WK-005,PAGE-26,WK,1,POSE ATLAS · WALKING · 01,assets/contact-sheets/WK-01.webp,assets/contact-sheets-png/PAGE-26_WK-01_WK-001_to_WK-016.webp,5,行走回头
WK-006,PAGE-26,WK,1,POSE ATLAS · WALKING · 01,assets/contact-sheets/WK-01.webp,assets/contact-sheets-png/PAGE-26_WK-01_WK-001_to_WK-016.webp,6,行走中转身
WK-007,PAGE-26,WK,1,POSE ATLAS · WALKING · 01,assets/contact-sheets/WK-01.webp,assets/contact-sheets-png/PAGE-26_WK-01_WK-001_to_WK-016.webp,7,脚尖先行轻步
WK-008,PAGE-26,WK,1,POSE ATLAS · WALKING · 01,assets/contact-sheets/WK-01.webp,assets/contact-sheets-png/PAGE-26_WK-01_WK-001_to_WK-016.webp,8,后脚跟抬起停步
WK-009,PAGE-26,WK,1,POSE ATLAS · WALKING · 01,assets/contact-sheets/WK-01.webp,assets/contact-sheets-png/PAGE-26_WK-01_WK-001_to_WK-016.webp,9,侧向横移步
WK-010,PAGE-26,WK,1,POSE ATLAS · WALKING · 01,assets/contact-sheets/WK-01.webp,assets/contact-sheets-png/PAGE-26_WK-01_WK-001_to_WK-016.webp,10,行走前伸手
WK-011,PAGE-26,WK,1,POSE ATLAS · WALKING · 01,assets/contact-sheets/WK-01.webp,assets/contact-sheets-png/PAGE-26_WK-01_WK-001_to_WK-016.webp,11,自然中步幅·上身纵向放松
WK-012,PAGE-26,WK,1,POSE ATLAS · WALKING · 01,assets/contact-sheets/WK-01.webp,assets/contact-sheets-png/PAGE-26_WK-01_WK-001_to_WK-016.webp,12,自然中步幅·胸胯轻扭臂摆
WK-013,PAGE-26,WK,1,POSE ATLAS · WALKING · 01,assets/contact-sheets/WK-01.webp,assets/contact-sheets-png/PAGE-26_WK-01_WK-001_to_WK-016.webp,13,长步幅前行·上身纵向放松
WK-014,PAGE-26,WK,1,POSE ATLAS · WALKING · 01,assets/contact-sheets/WK-01.webp,assets/contact-sheets-png/PAGE-26_WK-01_WK-001_to_WK-016.webp,14,长步幅前行·胸胯轻扭臂摆
WK-015,PAGE-26,WK,1,POSE ATLAS · WALKING · 01,assets/contact-sheets/WK-01.webp,assets/contact-sheets-png/PAGE-26_WK-01_WK-001_to_WK-016.webp,15,短碎步·上身纵向放松
WK-016,PAGE-26,WK,1,POSE ATLAS · WALKING · 01,assets/contact-sheets/WK-01.webp,assets/contact-sheets-png/PAGE-26_WK-01_WK-001_to_WK-016.webp,16,短碎步·胸胯轻扭臂摆
WK-017,PAGE-27,WK,2,POSE ATLAS · WALKING · 02,assets/contact-sheets/WK-02.webp,assets/contact-sheets-png/PAGE-27_WK-02_WK-017_to_WK-032.webp,1,交叉步·上身纵向放松
WK-018,PAGE-27,WK,2,POSE ATLAS · WALKING · 02,assets/contact-sheets/WK-02.webp,assets/contact-sheets-png/PAGE-27_WK-02_WK-017_to_WK-032.webp,2,交叉步·胸胯轻扭臂摆
WK-019,PAGE-27,WK,2,POSE ATLAS · WALKING · 02,assets/contact-sheets/WK-02.webp,assets/contact-sheets-png/PAGE-27_WK-02_WK-017_to_WK-032.webp,3,侧移步·上身纵向放松
WK-020,PAGE-27,WK,2,POSE ATLAS · WALKING · 02,assets/contact-sheets/WK-02.webp,assets/contact-sheets-png/PAGE-27_WK-02_WK-017_to_WK-032.webp,4,侧移步·胸胯轻扭臂摆
WK-021,PAGE-27,WK,2,POSE ATLAS · WALKING · 02,assets/contact-sheets/WK-02.webp,assets/contact-sheets-png/PAGE-27_WK-02_WK-017_to_WK-032.webp,5,回身步·上身纵向放松
WK-022,PAGE-27,WK,2,POSE ATLAS · WALKING · 02,assets/contact-sheets/WK-02.webp,assets/contact-sheets-png/PAGE-27_WK-02_WK-017_to_WK-032.webp,6,回身步·胸胯轻扭臂摆
WK-023,PAGE-27,WK,2,POSE ATLAS · WALKING · 02,assets/contact-sheets/WK-02.webp,assets/contact-sheets-png/PAGE-27_WK-02_WK-017_to_WK-032.webp,7,半转步·上身纵向放松
WK-024,PAGE-27,WK,2,POSE ATLAS · WALKING · 02,assets/contact-sheets/WK-02.webp,assets/contact-sheets-png/PAGE-27_WK-02_WK-017_to_WK-032.webp,8,半转步·胸胯轻扭臂摆
WK-025,PAGE-27,WK,2,POSE ATLAS · WALKING · 02,assets/contact-sheets/WK-02.webp,assets/contact-sheets-png/PAGE-27_WK-02_WK-017_to_WK-032.webp,9,脚尖先行轻步·上身纵向放松
WK-026,PAGE-27,WK,2,POSE ATLAS · WALKING · 02,assets/contact-sheets/WK-02.webp,assets/contact-sheets-png/PAGE-27_WK-02_WK-017_to_WK-032.webp,10,脚尖先行轻步·胸胯轻扭臂摆
WK-027,PAGE-27,WK,2,POSE ATLAS · WALKING · 02,assets/contact-sheets/WK-02.webp,assets/contact-sheets-png/PAGE-27_WK-02_WK-017_to_WK-032.webp,11,后脚拖步·上身纵向放松
WK-028,PAGE-27,WK,2,POSE ATLAS · WALKING · 02,assets/contact-sheets/WK-02.webp,assets/contact-sheets-png/PAGE-27_WK-02_WK-017_to_WK-032.webp,12,后脚拖步·胸胯轻扭臂摆
WK-029,PAGE-27,WK,2,POSE ATLAS · WALKING · 02,assets/contact-sheets/WK-02.webp,assets/contact-sheets-png/PAGE-27_WK-02_WK-017_to_WK-032.webp,13,快步急停·上身纵向放松
WK-030,PAGE-27,WK,2,POSE ATLAS · WALKING · 02,assets/contact-sheets/WK-02.webp,assets/contact-sheets-png/PAGE-27_WK-02_WK-017_to_WK-032.webp,14,快步急停·胸胯轻扭臂摆
WK-031,PAGE-27,WK,2,POSE ATLAS · WALKING · 02,assets/contact-sheets/WK-02.webp,assets/contact-sheets-png/PAGE-27_WK-02_WK-017_to_WK-032.webp,15,走向镜头·上身纵向放松
WK-032,PAGE-27,WK,2,POSE ATLAS · WALKING · 02,assets/contact-sheets/WK-02.webp,assets/contact-sheets-png/PAGE-27_WK-02_WK-017_to_WK-032.webp,16,走向镜头·胸胯轻扭臂摆
MV-001,PAGE-28,MV,1,POSE ATLAS · MOVEMENT · 01,assets/contact-sheets/MV-01.webp,assets/contact-sheets-png/PAGE-28_MV-01_MV-001_to_MV-016.webp,1,原地旋转
MV-002,PAGE-28,MV,1,POSE ATLAS · MOVEMENT · 01,assets/contact-sheets/MV-01.webp,assets/contact-sheets-png/PAGE-28_MV-01_MV-001_to_MV-016.webp,2,小幅跳起
MV-003,PAGE-28,MV,1,POSE ATLAS · MOVEMENT · 01,assets/contact-sheets/MV-01.webp,assets/contact-sheets-png/PAGE-28_MV-01_MV-001_to_MV-016.webp,3,跨步腾跃
MV-004,PAGE-28,MV,1,POSE ATLAS · MOVEMENT · 01,assets/contact-sheets/MV-01.webp,assets/contact-sheets-png/PAGE-28_MV-01_MV-001_to_MV-016.webp,4,踏步急停转体
MV-005,PAGE-28,MV,1,POSE ATLAS · MOVEMENT · 01,assets/contact-sheets/MV-01.webp,assets/contact-sheets-png/PAGE-28_MV-01_MV-001_to_MV-016.webp,5,弓步大幅前伸
MV-006,PAGE-28,MV,1,POSE ATLAS · MOVEMENT · 01,assets/contact-sheets/MV-01.webp,assets/contact-sheets-png/PAGE-28_MV-01_MV-001_to_MV-016.webp,6,大臂横扫
MV-007,PAGE-28,MV,1,POSE ATLAS · MOVEMENT · 01,assets/contact-sheets/MV-01.webp,assets/contact-sheets-png/PAGE-28_MV-01_MV-001_to_MV-016.webp,7,动态后弓
MV-008,PAGE-28,MV,1,POSE ATLAS · MOVEMENT · 01,assets/contact-sheets/MV-01.webp,assets/contact-sheets-png/PAGE-28_MV-01_MV-001_to_MV-016.webp,8,起跑前倾
MV-009,PAGE-28,MV,1,POSE ATLAS · MOVEMENT · 01,assets/contact-sheets/MV-01.webp,assets/contact-sheets-png/PAGE-28_MV-01_MV-001_to_MV-016.webp,9,轻快跳步
MV-010,PAGE-28,MV,1,POSE ATLAS · MOVEMENT · 01,assets/contact-sheets/MV-01.webp,assets/contact-sheets-png/PAGE-28_MV-01_MV-001_to_MV-016.webp,10,身体摆荡
MV-011,PAGE-28,MV,1,POSE ATLAS · MOVEMENT · 01,assets/contact-sheets/MV-01.webp,assets/contact-sheets-png/PAGE-28_MV-01_MV-001_to_MV-016.webp,11,躯干快速侧甩
MV-012,PAGE-28,MV,1,POSE ATLAS · MOVEMENT · 01,assets/contact-sheets/MV-01.webp,assets/contact-sheets-png/PAGE-28_MV-01_MV-001_to_MV-016.webp,12,由地面起身
MV-013,PAGE-28,MV,1,POSE ATLAS · MOVEMENT · 01,assets/contact-sheets/MV-01.webp,assets/contact-sheets-png/PAGE-28_MV-01_MV-001_to_MV-016.webp,13,下沉到低蹲
MV-014,PAGE-28,MV,1,POSE ATLAS · MOVEMENT · 01,assets/contact-sheets/MV-01.webp,assets/contact-sheets-png/PAGE-28_MV-01_MV-001_to_MV-016.webp,14,转身同时延展
MV-015,PAGE-28,MV,1,POSE ATLAS · MOVEMENT · 01,assets/contact-sheets/MV-01.webp,assets/contact-sheets-png/PAGE-28_MV-01_MV-001_to_MV-016.webp,15,冲镜前伸
MV-016,PAGE-28,MV,1,POSE ATLAS · MOVEMENT · 01,assets/contact-sheets/MV-01.webp,assets/contact-sheets-png/PAGE-28_MV-01_MV-001_to_MV-016.webp,16,原地转身·开放延展
MV-017,PAGE-29,MV,2,POSE ATLAS · MOVEMENT · 02,assets/contact-sheets/MV-02.webp,assets/contact-sheets-png/PAGE-29_MV-02_MV-017_to_MV-032.webp,1,原地转身·对角冲刺
MV-018,PAGE-29,MV,2,POSE ATLAS · MOVEMENT · 02,assets/contact-sheets/MV-02.webp,assets/contact-sheets-png/PAGE-29_MV-02_MV-017_to_MV-032.webp,2,原地转身·螺旋扭转
MV-019,PAGE-29,MV,2,POSE ATLAS · MOVEMENT · 02,assets/contact-sheets/MV-02.webp,assets/contact-sheets-png/PAGE-29_MV-02_MV-017_to_MV-032.webp,3,半圈旋转·开放延展
MV-020,PAGE-29,MV,2,POSE ATLAS · MOVEMENT · 02,assets/contact-sheets/MV-02.webp,assets/contact-sheets-png/PAGE-29_MV-02_MV-017_to_MV-032.webp,4,半圈旋转·对角冲刺
MV-021,PAGE-29,MV,2,POSE ATLAS · MOVEMENT · 02,assets/contact-sheets/MV-02.webp,assets/contact-sheets-png/PAGE-29_MV-02_MV-017_to_MV-032.webp,5,半圈旋转·螺旋扭转
MV-022,PAGE-29,MV,2,POSE ATLAS · MOVEMENT · 02,assets/contact-sheets/MV-02.webp,assets/contact-sheets-png/PAGE-29_MV-02_MV-017_to_MV-032.webp,6,小跳落地·开放延展
MV-023,PAGE-29,MV,2,POSE ATLAS · MOVEMENT · 02,assets/contact-sheets/MV-02.webp,assets/contact-sheets-png/PAGE-29_MV-02_MV-017_to_MV-032.webp,7,小跳落地·对角冲刺
MV-024,PAGE-29,MV,2,POSE ATLAS · MOVEMENT · 02,assets/contact-sheets/MV-02.webp,assets/contact-sheets-png/PAGE-29_MV-02_MV-017_to_MV-032.webp,8,小跳落地·螺旋扭转
MV-025,PAGE-29,MV,2,POSE ATLAS · MOVEMENT · 02,assets/contact-sheets/MV-02.webp,assets/contact-sheets-png/PAGE-29_MV-02_MV-017_to_MV-032.webp,9,跨步跃起·开放延展
MV-026,PAGE-29,MV,2,POSE ATLAS · MOVEMENT · 02,assets/contact-sheets/MV-02.webp,assets/contact-sheets-png/PAGE-29_MV-02_MV-017_to_MV-032.webp,10,跨步跃起·对角冲刺
MV-027,PAGE-29,MV,2,POSE ATLAS · MOVEMENT · 02,assets/contact-sheets/MV-02.webp,assets/contact-sheets-png/PAGE-29_MV-02_MV-017_to_MV-032.webp,11,跨步跃起·螺旋扭转
MV-028,PAGE-29,MV,2,POSE ATLAS · MOVEMENT · 02,assets/contact-sheets/MV-02.webp,assets/contact-sheets-png/PAGE-29_MV-02_MV-017_to_MV-032.webp,12,侧向跨跃·开放延展
MV-029,PAGE-29,MV,2,POSE ATLAS · MOVEMENT · 02,assets/contact-sheets/MV-02.webp,assets/contact-sheets-png/PAGE-29_MV-02_MV-017_to_MV-032.webp,13,侧向跨跃·对角冲刺
MV-030,PAGE-29,MV,2,POSE ATLAS · MOVEMENT · 02,assets/contact-sheets/MV-02.webp,assets/contact-sheets-png/PAGE-29_MV-02_MV-017_to_MV-032.webp,14,侧向跨跃·螺旋扭转
MV-031,PAGE-29,MV,2,POSE ATLAS · MOVEMENT · 02,assets/contact-sheets/MV-02.webp,assets/contact-sheets-png/PAGE-29_MV-02_MV-017_to_MV-032.webp,15,急停转体·开放延展
MV-032,PAGE-29,MV,2,POSE ATLAS · MOVEMENT · 02,assets/contact-sheets/MV-02.webp,assets/contact-sheets-png/PAGE-29_MV-02_MV-017_to_MV-032.webp,16,急停转体·对角冲刺
MV-033,PAGE-30,MV,3,POSE ATLAS · MOVEMENT · 03,assets/contact-sheets/MV-03.webp,assets/contact-sheets-png/PAGE-30_MV-03_MV-033_to_MV-048.webp,1,急停转体·螺旋扭转
MV-034,PAGE-30,MV,3,POSE ATLAS · MOVEMENT · 03,assets/contact-sheets/MV-03.webp,assets/contact-sheets-png/PAGE-30_MV-03_MV-033_to_MV-048.webp,2,深弓步推进·开放延展
MV-035,PAGE-30,MV,3,POSE ATLAS · MOVEMENT · 03,assets/contact-sheets/MV-03.webp,assets/contact-sheets-png/PAGE-30_MV-03_MV-033_to_MV-048.webp,3,深弓步推进·对角冲刺
MV-036,PAGE-30,MV,3,POSE ATLAS · MOVEMENT · 03,assets/contact-sheets/MV-03.webp,assets/contact-sheets-png/PAGE-30_MV-03_MV-033_to_MV-048.webp,4,深弓步推进·螺旋扭转
MV-037,PAGE-30,MV,3,POSE ATLAS · MOVEMENT · 03,assets/contact-sheets/MV-03.webp,assets/contact-sheets-png/PAGE-30_MV-03_MV-033_to_MV-048.webp,5,上身摆荡·开放延展
MV-038,PAGE-30,MV,3,POSE ATLAS · MOVEMENT · 03,assets/contact-sheets/MV-03.webp,assets/contact-sheets-png/PAGE-30_MV-03_MV-033_to_MV-048.webp,6,上身摆荡·对角冲刺
MV-039,PAGE-30,MV,3,POSE ATLAS · MOVEMENT · 03,assets/contact-sheets/MV-03.webp,assets/contact-sheets-png/PAGE-30_MV-03_MV-033_to_MV-048.webp,7,上身摆荡·螺旋扭转
MV-040,PAGE-30,MV,3,POSE ATLAS · MOVEMENT · 03,assets/contact-sheets/MV-03.webp,assets/contact-sheets-png/PAGE-30_MV-03_MV-033_to_MV-048.webp,8,后仰甩臂·开放延展
MV-041,PAGE-30,MV,3,POSE ATLAS · MOVEMENT · 03,assets/contact-sheets/MV-03.webp,assets/contact-sheets-png/PAGE-30_MV-03_MV-033_to_MV-048.webp,9,后仰甩臂·对角冲刺
MV-042,PAGE-30,MV,3,POSE ATLAS · MOVEMENT · 03,assets/contact-sheets/MV-03.webp,assets/contact-sheets-png/PAGE-30_MV-03_MV-033_to_MV-048.webp,10,后仰甩臂·螺旋扭转
MV-043,PAGE-30,MV,3,POSE ATLAS · MOVEMENT · 03,assets/contact-sheets/MV-03.webp,assets/contact-sheets-png/PAGE-30_MV-03_MV-033_to_MV-048.webp,11,起身瞬间·开放延展
MV-044,PAGE-30,MV,3,POSE ATLAS · MOVEMENT · 03,assets/contact-sheets/MV-03.webp,assets/contact-sheets-png/PAGE-30_MV-03_MV-033_to_MV-048.webp,12,起身瞬间·对角冲刺
MV-045,PAGE-30,MV,3,POSE ATLAS · MOVEMENT · 03,assets/contact-sheets/MV-03.webp,assets/contact-sheets-png/PAGE-30_MV-03_MV-033_to_MV-048.webp,13,起身瞬间·螺旋扭转
MV-046,PAGE-30,MV,3,POSE ATLAS · MOVEMENT · 03,assets/contact-sheets/MV-03.webp,assets/contact-sheets-png/PAGE-30_MV-03_MV-033_to_MV-048.webp,14,下沉瞬间·开放延展
MV-047,PAGE-30,MV,3,POSE ATLAS · MOVEMENT · 03,assets/contact-sheets/MV-03.webp,assets/contact-sheets-png/PAGE-30_MV-03_MV-033_to_MV-048.webp,15,下沉瞬间·对角冲刺
MV-048,PAGE-30,MV,3,POSE ATLAS · MOVEMENT · 03,assets/contact-sheets/MV-03.webp,assets/contact-sheets-png/PAGE-30_MV-03_MV-033_to_MV-048.webp,16,下沉瞬间·螺旋扭转
